id,thread_number,retweets,likes,replies
998968203681427458,Thread 1,335,679,94
998968303136727041,Thread 1,60,294,13
998968508225589249,Thread 1,120,291,5
998968614509273088,Thread 1,174,465,39
998969018781523975,Thread 1,242,558,18
998969261837225985,Thread 1,119,374,8
998969661021618176,Thread 1,139,419,6
998969951498186752,Thread 1,99,355,5
998970045526106112,Thread 1,81,381,19
998972414569697280,Thread 1,128,322,8
998972530928115712,Thread 1,207,518,9
998972603661455361,Thread 1,121,340,10
998973228503764993,Thread 1,177,421,21
998974774083817472,Thread 1,262,618,37
998985720080556034,Thread 1,75,210,5
998985999022772225,Thread 1,35,153,7
998986062901972992,Thread 1,36,222,19
998995611650347008,Thread 1,47,251,19
998660806005768192,Thread 2,2425,7312,91
998660812330881024,Thread 2,155,806,3
998660819704463360,Thread 2,110,726,9
998660825429639168,Thread 2,108,573,5
998660823110184960,Thread 2,97,612,4
998660828592156672,Thread 2,136,735,3
998660834237726720,Thread 2,121,574,4
998660831360397314,Thread 2,94,517,2
998660837513428992,Thread 2,79,415,1
998660840688533510,Thread 2,126,739,1
998660844006260736,Thread 2,74,474,3
998660846770245633,Thread 2,61,345,1
998660850134142976,Thread 2,70,474,2
998660853057470464,Thread 2,70,383,4
998660855825711104,Thread 2,122,629,19
998748723000758272,Thread 2,46,326,10
999311515562868738,Thread 3,24,246,108
999311514556284928,Thread 3,1763,5439,7
999311516871442432,Thread 3,50,486,12
999311518163390465,Thread 3,25,261,2
999311520235323393,Thread 3,33,423,2
999311519308333056,Thread 3,64,475,3
999311521514598401,Thread 3,25,302,1
999311522600894465,Thread 3,19,307,4
999311525906018304,Thread 3,12,148,1
999311523674705920,Thread 3,17,232,4
999311524740005888,Thread 3,20,247,1
999311530368774147,Thread 3,13,171,5
999311527017512960,Thread 3,23,190,3
999311528070299648,Thread 3,16,186,2
999311529198501888,Thread 3,32,230,2
999311533678051328,Thread 3,46,415,7
999311534982508544,Thread 3,148,853,4
999311531446693888,Thread 3,14,205,2
999311532616962048,Thread 3,15,217,52
976133078618984449,Thread 4,18,25,2
976133286207610880,Thread 4,5,10,1
976133380227117060,Thread 4,7,9,1
976133598867853312,Thread 4,3,6,1
976133820549300226,Thread 4,6,7,1
976134027303243776,Thread 4,5,6,1
976134128159555585,Thread 4,3,3,1
976134362445045760,Thread 4,3,4,2
976134635448160256,Thread 4,5,7,3
976134919826100224,Thread 4,5,10,3
976135113305133056,Thread 4,1,5,2
976135435813638146,Thread 4,3,5,3
976135620803297282,Thread 4,3,4,2
976135725157675008,Thread 4,3,5,1
976135869735297025,Thread 4,6,8,1
976136086308245506,Thread 4,3,6,1
976136283226591232,Thread 4,3,4,1
976136435534266369,Thread 4,3,5,2
973963426140708864,Thread 5,32,47,7
973963430079156224,Thread 5,5,16,1
973963427873001473,Thread 5,7,19,1
973963433652736001,Thread 5,4,21,1
973963431727566849,Thread 5,5,20,1
973963435720499202,Thread 5,9,25,1
973963437591138304,Thread 5,11,28,1
973963439373783040,Thread 5,7,21,1
973963441785450496,Thread 5,8,25,1
973963446239813633,Thread 5,14,23,1
973963444243312641,Thread 5,12,25,2
973963447984640003,Thread 5,18,41,2
973963450320859136,Thread 5,11,19,2
973963453961469952,Thread 5,8,20,2
973963452086673408,Thread 5,6,14,1
973963455735754754,Thread 5,11,19,2
973963457488932864,Thread 5,7,22,1
973963463709069312,Thread 5,9,27,6
948227465222279168,Thread 6,97,337,4
948227467436838914,Thread 6,3,32,1
948227470075072512,Thread 6,4,11,1
948227474407780353,Thread 6,2,11,1
948227472436400133,Thread 6,10,22,2
948227477578625025,Thread 6,2,10,1
948227480120385536,Thread 6,4,8,1
948227482813124611,Thread 6,3,10,1
948227485300379648,Thread 6,2,8,1
948227491763761152,Thread 6,2,8,1
948227487959482369,Thread 6,3,8,2
948227495064670209,Thread 6,2,6,1
948227496968884225,Thread 6,1,5,1
948227504661200896,Thread 6,6,20,1
948227501687492611,Thread 6,2,3,2
948290767713390592,Thread 6,0,4,1
950049536424185856,Thread 6,0,2,0
976260629953736709,Thread 7,48,51,2
976260988352761856,Thread 7,14,18,4
976261437243953153,Thread 7,9,11,1
976261601249714176,Thread 7,8,15,1
976261729838686208,Thread 7,16,20,3
976262569940877320,Thread 7,12,14,1
976263186033897472,Thread 7,7,12,2
976263438241550336,Thread 7,8,10,1
976263968988811264,Thread 7,12,12,2
976264258601259008,Thread 7,8,9,1
976265677186183174,Thread 7,7,10,1
976265939607085056,Thread 7,9,7,1
976266205211320322,Thread 7,9,11,1
976266352573997056,Thread 7,13,11,2
976266728597610496,Thread 7,12,15,2
976267022823804929,Thread 7,12,15,1
976267404606132224,Thread 7,21,20,1
976267853962805248,Thread 7,8,11,1
976268331232780288,Thread 7,16,16,1
976268640344510464,Thread 7,11,17,1
981831612965924864,Thread 8,79,184,5
981831616875003904,Thread 8,0,46,3
981831615000162304,Thread 8,1,60,2
981831618762457088,Thread 8,2,44,2
981831620696027136,Thread 8,4,64,2
981831624449966083,Thread 8,1,45,2
981831622554091520,Thread 8,1,44,2
981831626417094658,Thread 8,0,39,2
981831630061953025,Thread 8,2,56,3
981831628312883202,Thread 8,1,45,2
981831633908088832,Thread 8,1,48,2
981831631936765952,Thread 8,1,60,2
981831636017823745,Thread 8,2,56,4
981831638039449600,Thread 8,2,56,3
981831641990512640,Thread 8,1,70,2
981831639956316160,Thread 8,0,42,6
976669658597199872,Thread 9,323,338,34
976670935607599104,Thread 9,23,34,2
976671992547037187,Thread 9,17,32,2
976672771060174849,Thread 9,15,26,1
976673323496034304,Thread 9,17,30,1
976674239280570369,Thread 9,16,27,2
976674825426096128,Thread 9,15,28,2
976675389610381312,Thread 9,16,30,1
976675904159023104,Thread 9,14,26,1
976677598616084480,Thread 9,13,26,1
976678247168651264,Thread 9,19,31,2
976678711989882880,Thread 9,16,25,1
976679376006901761,Thread 9,16,26,2
976680721082351616,Thread 9,15,24,1
976681540641067008,Thread 9,16,27,1
976681847622131712,Thread 9,20,54,16
999284927983243264,Thread 10,33,37,7
999290681439944704,Thread 10,6,10,2
999291415908806656,Thread 10,5,21,1
999291954734206976,Thread 10,3,10,1
999292568117669889,Thread 10,3,14,1
999295575026753538,Thread 10,5,13,2
999295877427712000,Thread 10,5,9,1
999298454588477440,Thread 10,6,20,1
999299371652050946,Thread 10,2,18,1
999300005264584706,Thread 10,4,14,1
999301873684353024,Thread 10,3,17,1
999302662603661318,Thread 10,1,9,2
999304042080808960,Thread 10,3,8,1
999304512140660736,Thread 10,9,9,4
999306100108333057,Thread 10,6,10,3
999306854097354752,Thread 10,5,14,2
999307688927551488,Thread 10,12,22,3
999323684761415680,Thread 10,6,12,1
999326018790985729,Thread 10,13,22,2
999327121582579712,Thread 10,16,31,1
976644199650127873,Thread 11,386,459,23
976644204024737792,Thread 11,65,102,1
976644205908029441,Thread 11,96,128,7
976644218142838784,Thread 11,100,127,4
976644231862325251,Thread 11,73,100,4
976644248178225152,Thread 11,69,90,6
976645720462721024,Thread 11,40,55,1
976646445595062272,Thread 11,87,106,3
976646819248857088,Thread 11,80,94,1
976648072112558080,Thread 11,63,82,2
976649138828963840,Thread 11,67,82,1
976649411588689921,Thread 11,40,64,1
976650868727656448,Thread 11,51,66,1
976651642081828864,Thread 11,56,80,4
976653323205074944,Thread 11,50,69,3
976653660812972039,Thread 11,49,81,1
976654354991276032,Thread 11,58,102,2
976654754217684994,Thread 11,52,110,2
976655197282893824,Thread 11,64,111,7
976843742396207104,Thread 11,71,76,5
975193491730034691,Thread 12,52,73,2
975193510897967111,Thread 12,17,28,4
975193517701193728,Thread 12,13,17,1
975193989417750529,Thread 12,15,21,2
975195117798780933,Thread 12,11,16,1
975195119015034880,Thread 12,18,22,2
975195811083583488,Thread 12,13,20,2
975196882426368001,Thread 12,28,23,1
975197868280688640,Thread 12,32,52,1
975206448132165632,Thread 12,12,20,1
975206450912952320,Thread 12,15,14,1
975206669381750784,Thread 12,12,20,2
975207499027697665,Thread 12,14,15,3
975207500143382528,Thread 12,8,11,1
975207502613766149,Thread 12,26,47,2
975207503788113920,Thread 12,33,28,4
975213362102571008,Thread 12,2,11,1
975222799999668225,Thread 12,2,7,0
973769227739025408,Thread 13,10,15,1
973769229404164096,Thread 13,0,1,1
973769233141321728,Thread 13,0,1,1
973769231199363073,Thread 13,0,1,1
973769237411049473,Thread 13,0,2,1
973769234978353154,Thread 13,0,3,1
973769242914025476,Thread 13,0,2,1
973769241055977472,Thread 13,0,1,1
973769239302635520,Thread 13,0,4,1
973769246613393409,Thread 13,0,2,1
973769244876951552,Thread 13,0,1,1
973769589623488512,Thread 13,0,3,1
973770111994777601,Thread 13,1,2,2
973770546474377216,Thread 13,0,1,1
973771373138120705,Thread 13,0,3,1
973771375323336704,Thread 13,5,9,1
973774326041280512,Thread 13,2,6,1
985253889392787456,Thread 14,1,9,2
985254614197940224,Thread 14,0,1,1
985254615762354176,Thread 14,0,1,1
985254615049318400,Thread 14,0,1,1
985255284498055168,Thread 14,0,2,1
985255285232099328,Thread 14,0,4,1
985255650199453696,Thread 14,0,4,1
985255651067572224,Thread 14,0,1,1
985256111279226880,Thread 14,0,1,1
985256110381674498,Thread 14,0,1,1
985256496148574208,Thread 14,0,1,1
985256495397855232,Thread 14,0,1,1
985256708925566976,Thread 14,0,1,1
985256917873209345,Thread 14,0,1,1
985257681882525697,Thread 14,0,2,1
985257682624921600,Thread 14,0,1,1
986240442399256576,Thread 14,0,0,1
985910452839329792,Thread 15,75,97,13
985910454256939008,Thread 15,1,6,1
985910456979042304,Thread 15,2,5,1
985910465367691264,Thread 15,3,8,1
985910464637911040,Thread 15,3,7,1
985910468991582208,Thread 15,4,8,1
985910466227523584,Thread 15,1,10,1
985910471537573888,Thread 15,4,12,2
985910474037342208,Thread 15,3,11,2
985910477162037249,Thread 15,1,9,1
985910478013517824,Thread 15,1,7,1
985910481465425926,Thread 15,8,68,3
985910479011762176,Thread 15,6,28,10
985910484313362432,Thread 15,2,20,1
985910487383654401,Thread 15,1,16,1
985910488386060288,Thread 15,0,8,1
997892198871027712,Thread 16,180,147,12
998191165894807552,Thread 16,8,11,1
998191645698019328,Thread 16,6,10,2
998192128294518785,Thread 16,7,18,2
998193084537212928,Thread 16,6,11,2
998194102163398656,Thread 16,4,13,1
998194932891508738,Thread 16,7,15,1
998195579695042560,Thread 16,6,18,2
998204740499574784,Thread 16,5,15,1
998205551988346881,Thread 16,5,13,1
998206914185048064,Thread 16,3,11,1
998207524485640192,Thread 16,2,10,1
998208064674201601,Thread 16,5,14,1
998208917166608384,Thread 16,8,13,2
998209454876319745,Thread 16,4,10,1
998210072856719360,Thread 16,4,15,1
998210735955169280,Thread 16,6,16,2
998211434315243520,Thread 16,10,31,2
953821026684735488,Thread 17,403,730,31
953821909329866758,Thread 17,124,266,8
953826013531734016,Thread 17,179,323,15
953827866579435521,Thread 17,95,215,5
953829908593152006,Thread 17,104,213,4
953831069744279554,Thread 17,231,361,26
953832782651953157,Thread 17,188,297,8
953834438592524288,Thread 17,168,262,9
953836421609029632,Thread 17,154,227,5
953840784184356865,Thread 17,202,307,12
953843512688209921,Thread 17,213,314,14
953845227772620800,Thread 17,110,173,2
953847076592463872,Thread 17,134,210,7
953848055656275968,Thread 17,199,306,17
953849213204488198,Thread 17,101,148,5
953852400305082368,Thread 17,181,274,15
953855295750590464,Thread 17,78,173,6
953858303339220993,Thread 17,59,118,5
953864177961046017,Thread 17,58,133,11
953867283973144576,Thread 17,115,244,14
952879121503223808,Thread 18,6,13,2
952880474371784710,Thread 18,1,5,1
952881561921343489,Thread 18,0,3,1
952882491702071296,Thread 18,1,3,1
952883770893438977,Thread 18,1,3,1
952884625730428928,Thread 18,1,7,1
952885487445991424,Thread 18,1,2,1
952886229422534657,Thread 18,2,3,1
952887181730811904,Thread 18,4,5,1
952888148476026880,Thread 18,1,3,1
952889262151696386,Thread 18,2,1,1
952890951961399297,Thread 18,4,5,1
952891978982846464,Thread 18,2,5,1
952893153186668544,Thread 18,1,3,1
952894463873036288,Thread 18,2,1,1
952895596184162305,Thread 18,1,0,1
952903229821636608,Thread 18,1,1,0
963728007700582400,Thread 19,13,17,3
963728016798085121,Thread 19,0,5,1
963728018517774336,Thread 19,0,4,1
963728023030845441,Thread 19,0,2,1
963728021042679809,Thread 19,0,2,1
963802648045551616,Thread 19,0,2,1
963803244534358017,Thread 19,1,1,1
963803409584402432,Thread 19,0,1,1
963803508100272129,Thread 19,0,2,1
963803574529556482,Thread 19,0,3,1
963803661364289536,Thread 19,0,2,1
963803743958552581,Thread 19,0,3,1
963803839756464128,Thread 19,1,3,1
963818973308641281,Thread 19,2,4,1
964055506548613120,Thread 19,0,0,2
964091166345089024,Thread 19,1,1,0
970248407523758080,Thread 20,13,12,1
970248409075548160,Thread 20,3,4,1
970248414268141568,Thread 20,1,2,1
970248410346524672,Thread 20,2,4,1
970248417971752960,Thread 20,3,4,2
970248415509712896,Thread 20,1,4,1
970248421956292608,Thread 20,2,3,1
970248420609978369,Thread 20,3,4,1
970248426079358976,Thread 20,2,3,1
970248430944649218,Thread 20,3,3,2
970248428407140352,Thread 20,4,5,1
970248434849669122,Thread 20,3,5,2
970248438746177538,Thread 20,4,6,1
970248441292115968,Thread 20,4,3,1
970248446455287808,Thread 20,2,4,1
970248444769198080,Thread 20,1,2,1
970248449106038784,Thread 20,2,4,1
970249414014132225,Thread 20,2,4,1
970407905454444544,Thread 20,3,4,1
975151388769447936,Thread 21,329,572,32
975151985358852096,Thread 21,123,310,10
975152658624397312,Thread 21,85,267,10
975154396832018432,Thread 21,61,197,4
975155822777913344,Thread 21,99,259,5
975156809500520448,Thread 21,59,190,4
975157123037282306,Thread 21,58,188,4
975158021989912576,Thread 21,74,214,12
975158773948887041,Thread 21,82,252,3
975159727578537985,Thread 21,60,192,4
975160719082635264,Thread 21,67,142,7
975161430822436864,Thread 21,62,132,2
975162787889537024,Thread 21,57,156,2
975163663110688773,Thread 21,49,153,4
975165788276498433,Thread 21,58,157,2
975166349176553473,Thread 21,66,193,1
975167102683238400,Thread 21,129,288,15
975168467698466816,Thread 21,132,341,21
994462986948444160,Thread 22,3,5,2
994464168265871360,Thread 22,6,4,1
994467382319046657,Thread 22,3,4,1
994469393672429569,Thread 22,1,2,1
994469849907724288,Thread 22,2,3,1
994471159436664834,Thread 22,1,2,1
994471760409047042,Thread 22,1,3,1
994473215106875392,Thread 22,1,1,1
994473435475693571,Thread 22,1,2,1
994473719501393920,Thread 22,2,3,1
994474040088817664,Thread 22,1,3,1
994474593338486784,Thread 22,1,2,1
994475023036502016,Thread 22,1,2,1
994475904985427968,Thread 22,1,2,1
994476318606708736,Thread 22,2,4,1
994502848795828225,Thread 22,2,2,1
994505167721713664,Thread 22,0,0,1
967873635980595200,Thread 23,584,797,47
967873651881234434,Thread 23,59,95,3
967873662748708864,Thread 23,51,87,2
967873672546578432,Thread 23,48,81,3
967873680956149760,Thread 23,74,104,7
967874680764977152,Thread 23,89,119,17
967874955399581697,Thread 23,53,88,4
967875071141404674,Thread 23,49,69,4
967875162627563524,Thread 23,45,81,2
967875364239364096,Thread 23,63,77,2
967876019200970752,Thread 23,67,101,2
967876115518885888,Thread 23,57,85,4
967876219621593090,Thread 23,37,67,2
967876380032753664,Thread 23,41,80,6
967877022851780608,Thread 23,50,80,6
967877119702335490,Thread 23,55,89,2
967877703729926145,Thread 23,69,108,2
967878221609013249,Thread 23,152,213,8
968479262125805568,Thread 23,0,5,1
976093843211866113,Thread 24,31,23,6
976094234146168832,Thread 24,6,5,1
976094792500305920,Thread 24,8,2,1
976095637161893889,Thread 24,10,6,4
976097978632015872,Thread 24,9,12,2
976098655643033603,Thread 24,6,9,4
976099207231803392,Thread 24,2,1,1
976099903473627137,Thread 24,2,0,1
976100532078174208,Thread 24,4,3,1
976100901885800448,Thread 24,1,0,1
976103666607382528,Thread 24,3,1,1
976103985831653382,Thread 24,5,11,1
976104550024335360,Thread 24,2,6,2
976104834104463361,Thread 24,0,0,1
976105526026211328,Thread 24,4,7,1
976106659591458816,Thread 24,2,6,1
997228839318286336,Thread 25,27,27,3
997228843227377666,Thread 25,8,6,1
997228846125670402,Thread 25,7,6,1
997228850256973824,Thread 25,10,7,1
997228854002544641,Thread 25,8,10,1
997228858951766017,Thread 25,9,10,1
997228863519449088,Thread 25,7,6,1
997228867336028160,Thread 25,10,8,1
997228871350136833,Thread 25,9,8,1
997228874521022466,Thread 25,19,14,4
997228877343752199,Thread 25,16,13,1
997228880606978049,Thread 25,9,7,1
997228883765350400,Thread 25,7,7,1
997228888483880960,Thread 25,8,7,1
997228894448160769,Thread 25,12,11,1
997228891684077570,Thread 25,6,5,1
997228897447145473,Thread 25,6,7,1
965123255857184769,Thread 26,115,106,9
965124339258490880,Thread 26,24,31,3
965125472605671425,Thread 26,45,52,3
965127016323350528,Thread 26,8,25,1
965129458008117248,Thread 26,11,26,2
965131852968333312,Thread 26,17,34,1
965134667124011008,Thread 26,13,22,1
965136456388956160,Thread 26,9,22,2
965137535943966720,Thread 26,9,14,1
965138354420572160,Thread 26,12,34,1
965139680193859585,Thread 26,17,35,4
965142919333203968,Thread 26,11,16,2
965143944916062208,Thread 26,6,19,2
965146480196583424,Thread 26,14,29,3
965148414701981696,Thread 26,32,41,7
965231038615220224,Thread 26,4,10,1
965231796953677824,Thread 26,13,16,1
965235229475721216,Thread 26,26,36,1
965236209835495424,Thread 26,12,45,1
955213302094757889,Thread 27,9,12,3
955213305882337280,Thread 27,2,3,1
955213303533461504,Thread 27,2,5,1
955213307639664641,Thread 27,1,4,2
955213310630260736,Thread 27,3,4,1
955213309120303105,Thread 27,1,2,1
955213313062899712,Thread 27,3,5,1
955213311905357825,Thread 27,5,5,1
955213315608842240,Thread 27,10,15,1
955213318515458048,Thread 27,4,4,1
955213321506099202,Thread 27,2,2,1
955213322567274501,Thread 27,3,1,1
955213319639654400,Thread 27,2,4,2
955213326459555840,Thread 27,1,2,1
955213325121544192,Thread 27,2,4,1
955213327646511104,Thread 27,8,14,2
955213324068835330,Thread 27,1,1,3
964648234261114880,Thread 28,313,304,35
964658152921882624,Thread 28,40,59,2
964682077210923010,Thread 28,67,84,9
964729259716763648,Thread 28,47,60,3
964873306162769923,Thread 28,13,22,4
964909140127690754,Thread 28,9,20,3
965252395960848385,Thread 28,30,41,2
965257733686677504,Thread 28,22,29,1
965258084213035008,Thread 28,10,16,1
965269733804298240,Thread 28,72,85,8
965271152024317955,Thread 28,11,21,2
965373877823115264,Thread 28,19,30,2
965669737714855936,Thread 28,14,25,1
965670935251640321,Thread 28,35,40,2
966068713383395328,Thread 28,81,75,8
966072953258553345,Thread 28,2,8,3
955997172264251392,Thread 29,25,26,4
955998319997804545,Thread 29,7,8,1
955999059654987776,Thread 29,10,9,1
956000409751117825,Thread 29,6,10,2
956000668552253440,Thread 29,10,9,2
956000940083032064,Thread 29,12,14,1
956001188155215872,Thread 29,7,6,1
956001368648683522,Thread 29,10,8,1
956001889753141249,Thread 29,9,7,1
956002091696345089,Thread 29,6,8,1
956002507695763456,Thread 29,10,20,2
956009408886173696,Thread 29,10,11,2
956009557045768192,Thread 29,5,10,1
956010292877709312,Thread 29,9,12,2
956143796571471872,Thread 29,7,11,1
956154972730679296,Thread 29,18,14,0
965239671088435200,Thread 30,115,259,24
965240035279859713,Thread 30,6,41,1
965240363433779201,Thread 30,1,17,1
965240974111903744,Thread 30,1,18,1
965241761953181696,Thread 30,3,21,2
965243962708590594,Thread 30,9,42,5
965244132691234816,Thread 30,1,19,1
965244363956801536,Thread 30,1,15,1
965245064837464064,Thread 30,2,16,1
965245542564532224,Thread 30,6,25,1
965246046027776000,Thread 30,1,18,1
965246418402373632,Thread 30,4,19,1
965246856535203841,Thread 30,3,18,2
965247995657760768,Thread 30,5,27,2
965248286608281601,Thread 30,4,17,1
965249110726111232,Thread 30,9,18,1
965249909367672833,Thread 30,2,13,1
965250638618791938,Thread 30,4,16,2
965251190203342854,Thread 30,4,16,1
961073755601686529,Thread 31,954,1295,300
961074749165178880,Thread 31,89,209,28
961076452878888960,Thread 31,67,247,11
961076949568270336,Thread 31,112,365,19
961078762887630849,Thread 31,101,287,5
961079073832361984,Thread 31,89,231,5
961079548023582720,Thread 31,89,220,5
961081730730995721,Thread 31,71,227,4
961082561417146369,Thread 31,56,155,3
961083873882005505,Thread 31,104,237,1
961084458555277312,Thread 31,109,210,8
961085694889390080,Thread 31,83,166,2
961086618240155648,Thread 31,85,161,5
961088029724172288,Thread 31,74,164,2
961089063800406018,Thread 31,57,149,4
961090581530398720,Thread 31,102,228,12
961091880422395904,Thread 31,42,439,25
961092383474675714,Thread 31,71,299,23
961094185075036162,Thread 31,145,393,52
944062711503077376,Thread 32,212,163,13
944062723070889984,Thread 32,27,36,4
944062745585975298,Thread 32,26,27,1
944062757841731585,Thread 32,30,39,5
944062761209798656,Thread 32,21,31,2
944062780818145281,Thread 32,19,25,1
944062795661828097,Thread 32,17,24,3
944062799486926848,Thread 32,11,30,2
944062811956637696,Thread 32,20,25,1
944062818302672897,Thread 32,21,34,2
944062820215222273,Thread 32,19,30,4
944062824002625536,Thread 32,20,32,2
944062822106808320,Thread 32,19,28,1
944062827291017216,Thread 32,28,33,4
944062825344909312,Thread 32,23,30,3
944062837722193920,Thread 32,46,57,1
993695458517110784,Thread 33,504,1575,37
993695461797126144,Thread 33,9,100,2
993695460190699521,Thread 33,22,175,2
993695461063114752,Thread 33,6,90,2
993695462606585856,Thread 33,18,146,2
993695459284680705,Thread 33,4,81,3
993695465928454144,Thread 33,14,137,1
993695464351449088,Thread 33,8,89,1
993695465144180737,Thread 33,26,172,1
993695466716975104,Thread 33,14,107,2
993695463571271680,Thread 33,6,80,1
993695471150350336,Thread 33,9,79,1
993695467509768193,Thread 33,9,67,2
993695468319227904,Thread 33,7,80,1
993695470311493634,Thread 33,8,59,2
993695469552386048,Thread 33,16,143,1
993695472802873344,Thread 33,15,194,3
993695471968313344,Thread 33,12,98,15
960976978466586624,Thread 34,137,191,6
960977552650088448,Thread 34,36,132,2
960977929898377216,Thread 34,26,115,1
960978703764267008,Thread 34,29,114,2
960979386760445952,Thread 34,25,105,2
960979785093562368,Thread 34,27,128,3
960980142641184768,Thread 34,19,134,2
960980831102619648,Thread 34,14,113,1
960981367080153088,Thread 34,18,124,2
960981767984373760,Thread 34,41,215,4
960982338917158912,Thread 34,16,168,2
960982943593189376,Thread 34,24,149,1
960983668901625856,Thread 34,28,150,2
960984219395616768,Thread 34,41,160,1
960985011255107584,Thread 34,22,125,1
960985520875610112,Thread 34,13,103,1
960986720320671744,Thread 34,24,115,3
960987333494370304,Thread 34,18,103,2
960987791239790592,Thread 34,20,152,19
977661196378693632,Thread 35,2033,2461,72
977663470240858112,Thread 35,163,248,7
977665090005553152,Thread 35,72,154,3
977666478055944192,Thread 35,95,191,3
977667330502086656,Thread 35,81,182,3
977668754099265537,Thread 35,112,194,4
977669724841521152,Thread 35,71,142,4
977670969786445824,Thread 35,80,154,2
977671911965523969,Thread 35,79,143,3
977673731068788737,Thread 35,152,247,7
977675106506784768,Thread 35,70,144,1
977676855108026368,Thread 35,86,163,2
977678174120275969,Thread 35,92,163,4
977680353119760384,Thread 35,106,172,5
977681061600612352,Thread 35,73,154,1
977682298622459904,Thread 35,133,296,10
977683891220721665,Thread 35,164,295,20
976909732467310592,Thread 36,8,16,6
976923731934134272,Thread 36,0,2,1
976923733553287173,Thread 36,0,2,1
976923735805571073,Thread 36,0,1,1
976923741027520519,Thread 36,0,0,2
976923737449693184,Thread 36,0,2,1
976923739374915584,Thread 36,0,0,1
976923742487154690,Thread 36,1,0,1
976923745028886528,Thread 36,0,1,1
976923746643709952,Thread 36,0,0,1
976923748728262658,Thread 36,0,0,1
976923750431014912,Thread 36,1,0,2
976923752004050944,Thread 36,0,0,1
976923757892853760,Thread 36,0,1,1
976923754273046528,Thread 36,0,0,2
976923755942498310,Thread 36,0,3,1
976923759796944897,Thread 36,0,1,2
976923761151741952,Thread 36,0,1,1
976923763668389888,Thread 36,0,0,1
976923765065048066,Thread 36,3,6,1
953874159691534336,Thread 37,7,9,2
953874161755131905,Thread 37,0,0,1
953874165366390784,Thread 37,0,1,1
953874163034415105,Thread 37,0,0,1
953874163982323712,Thread 37,0,0,1
953874166733733888,Thread 37,0,1,1
953874169166532608,Thread 37,0,1,1
953874171829932032,Thread 37,0,0,1
953874173230747648,Thread 37,0,1,1
953874178259681280,Thread 37,0,1,1
953874175243976709,Thread 37,0,0,1
953874176573689856,Thread 37,0,0,1
953874181602578432,Thread 37,0,0,1
953874182680563713,Thread 37,0,1,1
953874179920748544,Thread 37,0,0,1
953874184286949376,Thread 37,2,3,2
953875718215274501,Thread 37,0,2,1
953297197705121792,Thread 38,11,9,1
953297200376934401,Thread 38,2,3,1
953297204210470912,Thread 38,3,3,1
953297205527498753,Thread 38,3,3,1
953297203061288961,Thread 38,3,3,1
953297214285197312,Thread 38,2,2,1
953297211152125953,Thread 38,4,3,1
953297213282832389,Thread 38,2,2,1
953297218060025856,Thread 38,2,2,1
953297216864694272,Thread 38,2,2,1
953297215363141632,Thread 38,2,2,1
953297218999644160,Thread 38,2,2,1
953297220077486080,Thread 38,2,2,1
953297221117710336,Thread 38,2,2,1
953297222069780486,Thread 38,4,4,1
953297226603909121,Thread 38,3,3,2
953297227887325191,Thread 38,20,23,3
953361571375386624,Thread 38,0,0,1
976988852995919873,Thread 39,10,30,5
976989015923621890,Thread 39,3,24,1
976989110501040129,Thread 39,2,21,1
976989295058870272,Thread 39,7,30,1
976989464525406208,Thread 39,2,26,1
976989737692155904,Thread 39,1,28,3
976989975727280129,Thread 39,14,49,8
976990116223815680,Thread 39,2,14,1
976990208003596288,Thread 39,2,13,1
976990342456147968,Thread 39,1,14,1
976990456880955393,Thread 39,5,12,1
976990530394644480,Thread 39,4,18,2
976990674389274624,Thread 39,5,31,6
976990875275464705,Thread 39,7,27,6
976991039985799169,Thread 39,5,18,1
976991219334176773,Thread 39,7,22,1
976991308383510528,Thread 39,23,72,8
984268938568544256,Thread 40,1840,5966,75
984268939570982912,Thread 40,27,253,6
984268942536421376,Thread 40,61,442,4
984268943391993856,Thread 40,29,273,2
984268944537088000,Thread 40,26,256,3
984268947464728577,Thread 40,28,384,7
984268946575572993,Thread 40,32,412,5
984268945656954880,Thread 40,37,409,8
984268948324548609,Thread 40,28,353,6
984268949138255872,Thread 40,26,262,4
984268950954364929,Thread 40,35,349,5
984268950136537088,Thread 40,33,263,5
984268952556597248,Thread 40,72,402,5
984268951726075905,Thread 40,71,397,6
984268957044555777,Thread 40,57,638,4
984268956121743361,Thread 40,20,242,1
984268955224174593,Thread 40,25,204,2
984268953521242112,Thread 40,77,504,2
984268954330775554,Thread 40,21,228,24
956120155586793472,Thread 41,157,149,12
956120157176332288,Thread 41,35,52,1
956120159533617152,Thread 41,20,39,1
956120161106325504,Thread 41,22,38,1
956120165292347392,Thread 41,22,41,1
956120163828535297,Thread 41,19,39,1
956120169281146881,Thread 41,18,33,1
956120167863521280,Thread 41,20,42,2
956120171307036672,Thread 41,18,30,1
956120173077024769,Thread 41,15,24,1
956120176281440256,Thread 41,14,29,1
956120182006665216,Thread 41,23,39,1
956120178277912577,Thread 41,16,28,1
956120180538605568,Thread 41,19,31,3
956120185982869504,Thread 41,35,47,2
956120184225484800,Thread 41,18,33,2
956120188059078657,Thread 41,38,52,5
929388000433160192,Thread 42,4,6,2
929388980793090049,Thread 42,2,2,1
929390490356559872,Thread 42,3,1,1
929392496878030854,Thread 42,0,1,1
929397866732253184,Thread 42,0,1,1
929399014163755009,Thread 42,0,1,1
929400131299840000,Thread 42,4,3,2
929406802294325248,Thread 42,1,2,1
929407453367648257,Thread 42,1,2,1
929407797388656640,Thread 42,3,2,1
929408855447977984,Thread 42,4,5,2
929411158242500608,Thread 42,0,1,1
929412698110025728,Thread 42,0,0,1
929413304631431170,Thread 42,0,0,2
929416011228487680,Thread 42,1,0,1
929417294874152961,Thread 42,0,0,1
929423914521935872,Thread 42,2,0,0
989582551021903872,Thread 43,967,1631,86
989582792974450688,Thread 43,70,208,6
989582986625536000,Thread 43,86,231,7
989583159434952704,Thread 43,64,196,5
989583454181326848,Thread 43,81,208,7
989583719395553282,Thread 43,91,226,5
989583937755213824,Thread 43,68,209,2
989584165141078017,Thread 43,67,185,6
989584361660952576,Thread 43,62,174,6
989584558545752064,Thread 43,71,187,8
989584780319600640,Thread 43,67,191,8
989584964831227904,Thread 43,68,209,11
989585190564511744,Thread 43,73,201,4
989585389043118080,Thread 43,70,192,7
989585636154724353,Thread 43,75,194,8
989585835606462464,Thread 43,103,297,6
989586043526565888,Thread 43,77,253,27
987080585561731072,Thread 44,18,20,2
987080591198900224,Thread 44,11,8,1
987080595023986688,Thread 44,7,8,2
987080597117046786,Thread 44,2,5,1
987080599801356288,Thread 44,2,8,1
987080606688440321,Thread 44,4,5,1
989868535982764037,Thread 44,9,11,3
989868538654609408,Thread 44,10,14,1
989868541515063308,Thread 44,6,7,1
989868545688391681,Thread 44,5,6,1
989868548427313153,Thread 44,4,9,2
989868553041072129,Thread 44,2,4,1
989868562679521280,Thread 44,4,5,2
989868559470907392,Thread 44,5,7,1
989868565221212160,Thread 44,2,4,1
989868574775889931,Thread 44,3,4,1
989868572167102465,Thread 44,2,5,1
989868579263741953,Thread 44,2,4,0
957207344600948736,Thread 45,203,238,15
957211074947817472,Thread 45,67,77,4
957215743510069248,Thread 45,76,83,6
957219423550517248,Thread 45,88,112,4
957220837207130117,Thread 45,65,101,7
957263814507995136,Thread 45,92,115,9
957298227325235200,Thread 45,55,74,9
957303411283714048,Thread 45,40,74,5
957315290294927360,Thread 45,61,72,2
957321687908859905,Thread 45,65,77,2
957324593009590272,Thread 45,66,77,3
957330556206764032,Thread 45,66,74,8
957420992598441984,Thread 45,49,62,4
957424004398133249,Thread 45,80,108,7
957427049097977856,Thread 45,64,77,3
957430975692075008,Thread 45,108,116,4
977281204432105472,Thread 46,8,9,2
977283519515955201,Thread 46,0,5,1
977287257240596480,Thread 46,0,3,1
977288188275429377,Thread 46,1,6,1
977291495697825792,Thread 46,0,4,1
977294095596097536,Thread 46,0,6,1
977300844814241793,Thread 46,2,2,1
977302964158238721,Thread 46,3,6,1
977304134423580679,Thread 46,4,8,2
977307153223561217,Thread 46,1,3,1
977310095343222784,Thread 46,2,4,2
977314251273621509,Thread 46,3,4,2
977319232508694528,Thread 46,1,4,1
977320939485614085,Thread 46,2,3,1
977323164995936258,Thread 46,2,3,2
977327134506074112,Thread 46,7,11,2
977327673222479872,Thread 46,0,0,2
972374631716933632,Thread 47,3,8,3
972374648053788672,Thread 47,0,0,1
972374652814323712,Thread 47,0,0,1
972374654408101890,Thread 47,0,0,1
972374656064815104,Thread 47,0,0,1
972374678558924801,Thread 47,0,0,1
972374700444868608,Thread 47,0,0,1
972374704223858688,Thread 47,0,0,1
972374706954424320,Thread 47,0,0,1
972374709504536577,Thread 47,0,0,1
972374712117551104,Thread 47,0,0,1
972374716236357633,Thread 47,0,0,1
972374717758832640,Thread 47,0,0,1
972374721022095360,Thread 47,0,0,1
972374719377936384,Thread 47,0,0,1
972374723706449920,Thread 47,0,0,1
972374726239817728,Thread 47,0,0,1
972374728815075328,Thread 47,0,0,1
970442051966980098,Thread 48,5,59,1
970442203536470016,Thread 48,1,9,1
970445346282274816,Thread 48,5,14,1
970446416165392384,Thread 48,5,18,1
970456841598709760,Thread 48,1,10,1
970458247005179904,Thread 48,2,8,1
970460132927770624,Thread 48,2,5,1
970460904369410048,Thread 48,2,10,1
970461956586004480,Thread 48,1,9,1
970463328635105281,Thread 48,2,11,1
970463770416959489,Thread 48,2,13,1
970464505909207040,Thread 48,1,18,23
970467192058908672,Thread 48,1,6,1
970468275946770437,Thread 48,1,6,1
970477867032334341,Thread 48,3,9,1
970500041189314561,Thread 48,3,9,1
970516025283358720,Thread 48,2,4,1
970516865276575744,Thread 48,2,11,1
970519280344289280,Thread 48,3,11,1
970521549735424001,Thread 48,2,18,0
969310404064305153,Thread 49,8,13,1
969310725377282048,Thread 49,3,10,1
969311273258225664,Thread 49,1,5,1
969311541693644807,Thread 49,1,3,1
969638551980793856,Thread 49,4,10,1
969640391770361858,Thread 49,2,5,2
969641091464089601,Thread 49,2,3,1
970127854687137792,Thread 49,2,4,1
970128693405343745,Thread 49,1,1,1
970129087346958336,Thread 49,0,1,1
970129665267519489,Thread 49,0,1,1
970130162334470144,Thread 49,0,1,1
970131194221297664,Thread 49,0,0,1
970132339975172096,Thread 49,0,2,1
970473492075466752,Thread 49,0,5,1
971499450865733632,Thread 49,1,3,2
943350106153156610,Thread 50,5906,5413,323
943350956196089857,Thread 50,1849,1965,0
943351817475379200,Thread 50,1337,1558,0
943352395677011968,Thread 50,1525,1668,0
943353694984310786,Thread 50,1528,1747,0
943354577482670080,Thread 50,1082,1387,0
943355398073012224,Thread 50,1297,1545,0
943356520275857408,Thread 50,1342,1656,0
943357535507173376,Thread 50,1611,1774,0
943358706468773889,Thread 50,1511,1646,0
943364597096083456,Thread 50,1809,2065,0
943376277938913280,Thread 50,1588,1724,0
943385872312942592,Thread 50,904,1203,0
943443577639600129,Thread 50,1172,1373,0
943443868707536896,Thread 50,848,1211,0
944002192234524674,Thread 50,695,1023,0
957899558196887553,Thread 50,495,765,13
968573414951628805,Thread 50,545,753,7
985987058366738432,Thread 50,867,1185,0
978211135005577217,Thread 51,23,41,4
978211140550516736,Thread 51,0,3,1
978211144665108480,Thread 51,0,2,1
978211142458847237,Thread 51,0,2,1
978211146934247424,Thread 51,0,3,1
978211149178163200,Thread 51,0,3,1
978211151195656192,Thread 51,0,3,1
978211153334755328,Thread 51,0,4,1
978211155712925696,Thread 51,0,3,1
978211157495382016,Thread 51,0,4,1
978211160376991744,Thread 51,0,4,1
978211162390134784,Thread 51,0,3,1
978211164168638464,Thread 51,0,4,1
978211166953660418,Thread 51,0,3,1
978211168832585728,Thread 51,0,3,1
978211171105943552,Thread 51,1,3,2
978211173266022401,Thread 51,0,3,1
978211176826986496,Thread 51,0,10,1
978211175124135937,Thread 51,0,4,1
966394628835631105,Thread 52,401,504,62
966394630643253248,Thread 52,50,75,7
966394638109216768,Thread 52,41,58,4
966394640558587905,Thread 52,37,50,1
966394642483896321,Thread 52,36,48,1
966394644828389381,Thread 52,37,51,1
966394649563881472,Thread 52,37,49,1
966394647475040257,Thread 52,39,52,2
966394654257229826,Thread 52,34,49,2
966394651719725056,Thread 52,36,49,1
966394656685772800,Thread 52,32,48,1
966394662738067458,Thread 52,34,54,1
966394661035225088,Thread 52,31,49,1
966394658573160449,Thread 52,32,48,2
966394664722075650,Thread 52,36,65,1
966394670568955904,Thread 52,154,233,4
966394667154788352,Thread 52,47,85,59
979179691448795136,Thread 53,226,423,25
979179874798546944,Thread 53,66,195,5
979180228776902656,Thread 53,42,162,3
979180329888960512,Thread 53,23,120,2
979180537020469249,Thread 53,27,133,3
979180641680945152,Thread 53,31,142,1
979180851022843904,Thread 53,44,192,2
979181007487123456,Thread 53,35,169,1
979181138978643969,Thread 53,34,168,2
979181394189475841,Thread 53,47,207,4
979181660385062913,Thread 53,53,232,2
979181889960341504,Thread 53,53,223,1
979182101139308544,Thread 53,48,224,2
979182307176202240,Thread 53,49,226,7
979182412478365697,Thread 53,36,213,1
979182679349325824,Thread 53,67,392,11
979182937965977602,Thread 53,85,372,23
979167463441969153,Thread 54,471,1329,121
979167733362262016,Thread 54,67,332,6
979168191938052096,Thread 54,49,278,1
979168427226021888,Thread 54,56,324,5
979168793615245312,Thread 54,152,541,23
979168975404675072,Thread 54,62,361,5
979169346114043905,Thread 54,39,197,4
979169813149790208,Thread 54,43,228,1
979169945643769857,Thread 54,47,206,3
979170319482040320,Thread 54,39,204,1
979170636806287360,Thread 54,32,194,3
979170877295112192,Thread 54,32,176,1
979171562057166848,Thread 54,33,185,1
979171821676150784,Thread 54,49,228,5
979172107065032704,Thread 54,37,231,6
979172211301888000,Thread 54,40,297,12
979184876782944256,Thread 54,68,229,20
978824267314774016,Thread 55,24,70,25
978824265830096896,Thread 55,219,407,5
978824268342439938,Thread 55,28,88,1
978824269567111168,Thread 55,21,67,1
978824272066916352,Thread 55,20,71,1
978824270783553536,Thread 55,21,68,2
978824276861005825,Thread 55,34,107,1
978824275552485376,Thread 55,49,124,2
978824274260631552,Thread 55,24,84,2
978824273140723712,Thread 55,22,68,1
978824279960637440,Thread 55,48,135,1
978824277813215234,Thread 55,71,154,5
978824278731706368,Thread 55,55,133,3
978824280971526144,Thread 55,42,125,3
978824283081261056,Thread 55,199,515,11
978824283991322624,Thread 55,40,200,23
979154174775619584,Thread 56,327,522,31
979154262986018816,Thread 56,41,108,11
979154356879659008,Thread 56,30,83,7
979154403948224512,Thread 56,25,71,4
979154507505504256,Thread 56,36,98,2
979154565323984897,Thread 56,32,106,4
979154762053619713,Thread 56,36,112,3
979154909386956801,Thread 56,32,95,1
979155052500848640,Thread 56,40,90,1
979155233954783232,Thread 56,28,82,1
979155398669295617,Thread 56,34,108,7
979155574758760449,Thread 56,34,129,3
979155748289695749,Thread 56,23,60,7
979156041752555521,Thread 56,25,88,1
979156269108998144,Thread 56,42,105,5
979156578183020544,Thread 56,27,80,4
979156696705720320,Thread 56,41,108,3
979156754343845889,Thread 56,83,165,29
979157594546888704,Thread 57,7,10,3
979157599592615936,Thread 57,1,2,1
979157606311911425,Thread 57,2,2,1
979157612167139328,Thread 57,2,3,1
979157618366271488,Thread 57,3,5,1
979157662234443777,Thread 57,2,4,1
979157669809459201,Thread 57,1,3,1
979157674565799936,Thread 57,1,3,1
979157679754088448,Thread 57,3,3,1
979157684611178496,Thread 57,1,2,1
979157689719812096,Thread 57,1,2,1
979157695809900544,Thread 57,2,4,1
979157700624953344,Thread 57,1,2,1
979157706283024384,Thread 57,1,3,1
979157711630880768,Thread 57,1,5,1
979157716705964033,Thread 57,1,3,2
969324622436077571,Thread 58,56,48,4
969324624889729025,Thread 58,4,3,1
969324628568084481,Thread 58,3,1,1
969324633001426944,Thread 58,7,4,1
969324637602623490,Thread 58,7,2,1
969324640660312064,Thread 58,3,2,1
969324644212903942,Thread 58,4,4,1
969324646695866369,Thread 58,6,6,1
969324654178521089,Thread 58,5,3,1
969324658066710530,Thread 58,3,4,1
969324665054351360,Thread 58,4,2,1
969324668648853505,Thread 58,5,4,1
969324671660429313,Thread 58,4,2,2
969324676710354944,Thread 58,4,4,1
969324681982509056,Thread 58,5,3,1
969324686676021248,Thread 58,4,3,0
985943809996472320,Thread 59,194,284,7
985947083910799360,Thread 59,77,100,2
985949647465168896,Thread 59,78,88,1
985951335072739328,Thread 59,83,102,1
985953288859234304,Thread 59,43,66,1
985953997897875456,Thread 59,35,45,1
985957084091969536,Thread 59,46,60,2
985957942737354752,Thread 59,37,46,1
985961444268109824,Thread 59,66,71,1
985961956338102272,Thread 59,46,56,2
985964405555740672,Thread 59,38,55,2
985966202399834112,Thread 59,49,60,2
985967657433223168,Thread 59,40,57,1
985968218727591936,Thread 59,48,71,5
985972796286103553,Thread 59,59,74,3
985974022625095682,Thread 59,22,29,4
979081773006106625,Thread 60,66,45,19
979081786327265281,Thread 60,25,15,3
979081782871183361,Thread 60,24,13,1
979081788709654528,Thread 60,37,21,4
979081791498747904,Thread 60,27,17,1
979081794006999040,Thread 60,49,25,1
979081797408567296,Thread 60,49,35,4
979081800579510273,Thread 60,55,31,4
979081806317223939,Thread 60,40,26,1
979081803767189504,Thread 60,23,13,1
979081811430203398,Thread 60,41,28,3
979081809240756224,Thread 60,59,48,1
979081813938274304,Thread 60,40,29,3
979081819801968640,Thread 60,42,22,2
979081817276985345,Thread 60,38,34,3
979081823606198277,Thread 60,55,41,2
979081826361802754,Thread 60,40,29,5
979081830749147139,Thread 60,26,32,8
979081828568092672,Thread 60,41,49,16
979043790814982145,Thread 61,323,247,18
979044700345675781,Thread 61,48,42,2
979046084927373312,Thread 61,31,33,1
979047197596463104,Thread 61,29,28,1
979048355337613312,Thread 61,46,42,3
979049028083056640,Thread 61,37,41,2
979049522239217666,Thread 61,29,32,1
979051868893601792,Thread 61,31,32,2
979052995370299392,Thread 61,32,37,1
979053545025560576,Thread 61,35,51,1
979054033787736064,Thread 61,42,67,3
979060195790749696,Thread 61,16,30,1
979061165102743552,Thread 61,21,29,3
979062342947229697,Thread 61,52,56,3
979062485247434752,Thread 61,26,27,2
979069271090257921,Thread 61,17,19,4
979044175474765826,Thread 62,13,18,2
979045756748394497,Thread 62,7,13,2
979046627867578368,Thread 62,5,14,2
979053992444682245,Thread 62,14,23,2
979103766237638656,Thread 62,7,8,1
979106674475765760,Thread 62,4,8,2
979112228841340928,Thread 62,5,5,2
979114748292804610,Thread 62,0,3,1
979116580889092096,Thread 62,5,6,1
979122092628172800,Thread 62,1,3,1
979122378922971137,Thread 62,1,3,1
979126244120899584,Thread 62,10,11,6
979127027075870720,Thread 62,10,8,1
979128954840911872,Thread 62,6,7,2
979130743719784449,Thread 62,1,3,1
979130885218951168,Thread 62,0,0,2
979097233277771778,Thread 63,99,261,4
979097684643581953,Thread 63,3,25,1
979098304402395136,Thread 63,3,20,1
979098595570995200,Thread 63,5,37,2
979099224179658759,Thread 63,5,23,1
979099601146925056,Thread 63,5,21,1
979100047764795392,Thread 63,4,23,1
979100410878230528,Thread 63,3,23,1
979100918904958979,Thread 63,4,24,1
979101260065464325,Thread 63,3,19,1
979101673904799745,Thread 63,2,17,1
979102192668995584,Thread 63,2,17,2
979102565563551744,Thread 63,2,13,1
979103059430313985,Thread 63,3,9,1
979103754652962818,Thread 63,0,3,3
979105515774017536,Thread 63,2,9,2
979108744775847937,Thread 63,0,6,2
983383528921542659,Thread 64,16,27,1
983385585506136064,Thread 64,4,12,1
983386616218701824,Thread 64,1,6,1
983387087637565440,Thread 64,2,4,1
983387784001056768,Thread 64,2,3,1
983388194501808129,Thread 64,1,3,1
983388569682284545,Thread 64,3,2,1
983389461122830336,Thread 64,1,2,1
983389945673940994,Thread 64,3,3,1
983390943738060800,Thread 64,1,3,1
983391523860512768,Thread 64,1,4,1
983391893768765440,Thread 64,3,3,2
983392238494535680,Thread 64,3,5,1
983393964643504128,Thread 64,3,2,1
983394486968639488,Thread 64,2,2,2
983395117502525440,Thread 64,4,5,1
983395696836521984,Thread 64,2,1,1
983397431038574592,Thread 64,0,1,1
973769227739025408,Thread 65,10,15,1
973769229404164096,Thread 65,0,1,1
973769233141321728,Thread 65,0,1,1
973769231199363073,Thread 65,0,1,1
973769237411049473,Thread 65,0,2,1
973769234978353154,Thread 65,0,3,1
973769242914025476,Thread 65,0,2,1
973769241055977472,Thread 65,0,1,1
973769239302635520,Thread 65,0,4,1
973769246613393409,Thread 65,0,2,1
973769244876951552,Thread 65,0,1,1
973769589623488512,Thread 65,0,3,1
973770111994777601,Thread 65,1,2,2
973770546474377216,Thread 65,0,1,1
973771373138120705,Thread 65,0,3,1
973771375323336704,Thread 65,5,9,1
973774326041280512,Thread 65,2,6,1
979007061424996352,Thread 66,1390,2245,79
979007296054415362,Thread 66,22,156,2
979007522727186437,Thread 66,22,169,14
979007669112655872,Thread 66,30,207,1
979007876952928257,Thread 66,26,229,2
979008101629284352,Thread 66,90,566,5
979008266473824256,Thread 66,64,412,3
979008471357100038,Thread 66,16,120,3
979008684767567872,Thread 66,17,114,2
979008867848699904,Thread 66,21,148,1
979009102264365056,Thread 66,56,407,1
979009420360380416,Thread 66,26,235,1
979009713185619971,Thread 66,18,171,1
979009875614289921,Thread 66,18,183,4
979010583763746817,Thread 66,20,188,2
979010760755073025,Thread 66,15,149,2
979010946134880256,Thread 66,14,144,1
979011210124414976,Thread 66,42,299,2
979012439198130182,Thread 66,84,669,21
971362384710430720,Thread 67,1342,1558,47
971362511319633920,Thread 67,13,42,2
971362730006470656,Thread 67,12,46,2
971363011507171328,Thread 67,11,33,1
971363254491582464,Thread 67,9,31,1
971363446469120002,Thread 67,10,55,1
971363694973280257,Thread 67,11,36,1
971364015258599429,Thread 67,10,34,1
971364283509559296,Thread 67,12,71,2
971364435544690688,Thread 67,9,158,5
971364638574235648,Thread 67,7,52,1
971364846519414785,Thread 67,6,59,2
971365010168598528,Thread 67,9,93,4
971365177005309957,Thread 67,15,68,3
971365378378133504,Thread 67,11,87,1
971365651792220161,Thread 67,47,360,25
971753209915166720,Thread 67,46,209,6
946240941102419969,Thread 68,91,145,19
946240939986743297,Thread 68,264,337,3
946240942259998720,Thread 68,55,104,4
946240943568629760,Thread 68,59,116,4
946240946894704641,Thread 68,68,169,3
946240947939151872,Thread 68,49,101,3
946240944881520640,Thread 68,50,104,6
946240946072678400,Thread 68,50,98,2
946240950887763968,Thread 68,47,109,3
946240948870270978,Thread 68,48,113,1
946240949834874880,Thread 68,49,102,1
946240951969767424,Thread 68,29,77,2
946240953261740032,Thread 68,40,96,2
946240957581840385,Thread 68,60,117,3
946240959599337473,Thread 68,64,115,2
946240960870182912,Thread 68,55,121,11
946240962036142080,Thread 68,81,170,14
992493236290818053,Thread 69,106,155,6
992493238991966209,Thread 69,15,33,1
992493240954904577,Thread 69,18,29,1
992493244293541888,Thread 69,12,25,1
992493242733211649,Thread 69,16,35,1
992493246009004032,Thread 69,10,23,1
992493247640588288,Thread 69,9,21,1
992493249381138432,Thread 69,11,29,1
992493251067342848,Thread 69,9,22,1
992493252765978624,Thread 69,10,24,1
992493256847101953,Thread 69,10,19,1
992493254695321600,Thread 69,9,21,2
992493260634578944,Thread 69,8,20,1
992493258956857347,Thread 69,7,18,1
992493264577220608,Thread 69,37,49,1
992493262572310528,Thread 69,10,25,3
958456837409517569,Thread 70,2060,3263,139
958457386708230144,Thread 70,457,1111,0
958457730724974593,Thread 70,548,1217,0
958458195906912256,Thread 70,397,1093,0
958459060478709761,Thread 70,448,1098,0
958459598729547776,Thread 70,433,1144,0
958460401414496256,Thread 70,500,1353,0
958460943326904326,Thread 70,501,1192,0
958461773140684801,Thread 70,418,1094,0
958462269934981122,Thread 70,430,1057,0
958462927631208448,Thread 70,332,779,16
958463976987295746,Thread 70,302,948,22
958465062993383424,Thread 70,370,955,13
958466699359113216,Thread 70,259,763,7
958467287119466496,Thread 70,313,866,8
958467728922370049,Thread 70,233,688,13
958468447977066498,Thread 70,258,731,7
958468803758886915,Thread 70,418,1126,0
958323169210851328,Thread 71,246,599,26
958323450401214464,Thread 71,20,74,7
958323923875135489,Thread 71,16,57,5
958324218504065024,Thread 71,15,67,5
958324466991411200,Thread 71,21,70,1
958324616866476032,Thread 71,27,83,2
958324805056462848,Thread 71,24,95,3
958325289322450945,Thread 71,23,88,3
958325663580278785,Thread 71,19,71,1
958326088500903936,Thread 71,25,89,2
958326465724145664,Thread 71,18,69,3
958326678576619520,Thread 71,20,71,6
958327249958301697,Thread 71,20,56,16
958327426882338816,Thread 71,14,76,5
958327636190810113,Thread 71,14,76,5
958328016941322241,Thread 71,42,135,10
958166230065655808,Thread 72,390,1966,590
958166228392120320,Thread 72,4790,7836,0
958166229113503744,Thread 72,438,1887,0
958166234176151553,Thread 72,565,2530,0
958166233257594880,Thread 72,395,1900,0
958166232154431490,Thread 72,502,2572,0
958166231118434304,Thread 72,445,2124,0
958166235065323520,Thread 72,2657,7736,0
958166235988086784,Thread 72,895,4201,0
958166238009679872,Thread 72,905,4551,0
958166238848540672,Thread 72,1038,4790,0
958166236852097026,Thread 72,648,3770,0
958166239712612352,Thread 72,882,4839,0
958166240601796608,Thread 72,1693,7916,0
958168290609782784,Thread 72,1700,5019,0
958174719991275525,Thread 72,1068,5259,0
958038848386273280,Thread 73,11341,20267,634
958039565843001350,Thread 73,1951,5456,0
958039989689954304,Thread 73,1469,4031,0
958040386408210432,Thread 73,1246,3612,0
958041019316162565,Thread 73,1077,3201,0
958041537509756935,Thread 73,897,2765,0
958041878347309056,Thread 73,923,2809,0
958042231931326465,Thread 73,1515,4178,0
958042693799735296,Thread 73,951,3040,0
958043100924071938,Thread 73,902,2778,0
958043382600880129,Thread 73,948,2818,0
958043785669238784,Thread 73,946,2726,0
958044191183069186,Thread 73,797,2402,0
958044554682347520,Thread 73,1025,2835,0
958044921809776640,Thread 73,754,2300,0
958045315956920322,Thread 73,855,2437,0
958045754454573056,Thread 73,815,2356,0
958046179442528258,Thread 73,796,2286,0
958046606435209224,Thread 73,814,2384,0
958047085697302528,Thread 73,1678,4162,0
958110110768881665,Thread 74,203,483,25
958113571359076353,Thread 74,4,50,3
958114841914413057,Thread 74,6,48,2
958117133237587968,Thread 74,12,70,1
958117682078998528,Thread 74,13,96,2
958118411241967617,Thread 74,3,43,1
958119734737858560,Thread 74,13,141,4
958120363791089672,Thread 74,6,106,1
958121769990344704,Thread 74,2,60,3
958122150728228864,Thread 74,3,100,2
958122354508431360,Thread 74,1,52,2
958123456691888133,Thread 74,8,103,1
958124445708836869,Thread 74,6,106,3
958125202982035456,Thread 74,17,204,14
958156423086727168,Thread 74,3,58,3
958156831871983616,Thread 74,5,101,1
958157320487342080,Thread 74,26,146,4
958807651932090368,Thread 74,4,13,1
959505629953036289,Thread 74,2,9,3
958047997790687232,Thread 75,5771,8144,571
958048290309902336,Thread 75,524,1102,0
958048518396104704,Thread 75,506,1163,0
958048841844117504,Thread 75,535,1159,0
958049400886038528,Thread 75,515,1206,0
958049748396765184,Thread 75,883,1956,0
958050090354139137,Thread 75,507,1332,0
958050578369740800,Thread 75,656,1482,0
958051552492744704,Thread 75,406,1022,0
958052053372293120,Thread 75,535,1346,0
958052579799429120,Thread 75,554,1370,0
958053273700851718,Thread 75,375,1047,0
958054374051405825,Thread 75,452,1293,0
958055469188251649,Thread 75,300,845,21
958055761896263682,Thread 75,323,940,23
958057699647918080,Thread 75,798,1147,0
958157819840114688,Thread 76,117,227,8
958158105052823552,Thread 76,12,72,4
958158456644448256,Thread 76,15,86,3
958158742264061952,Thread 76,10,74,2
958159023328514048,Thread 76,12,72,1
958159392255352832,Thread 76,12,80,2
958160720247455744,Thread 76,11,70,1
958161207189372928,Thread 76,11,67,1
958161391659114497,Thread 76,11,68,2
958161616859578368,Thread 76,11,68,2
958161869599993857,Thread 76,14,77,5
958162384744464384,Thread 76,13,78,1
958163179175010304,Thread 76,13,71,2
958163665575792640,Thread 76,10,63,1
958164081864617984,Thread 76,13,69,3
958164333749415936,Thread 76,9,73,3
958164761996218368,Thread 76,27,135,2
958165272417902592,Thread 76,36,164,14
957862066555011072,Thread 77,3920,4065,245
957862991763881984,Thread 77,414,689,10
957863645601456129,Thread 77,589,916,14
957864098946990080,Thread 77,272,512,5
957865149288689664,Thread 77,265,483,6
957866174829625344,Thread 77,256,482,8
957867420357558273,Thread 77,521,750,19
957867901821665280,Thread 77,417,645,7
957869196905390080,Thread 77,319,609,10
957869752403177473,Thread 77,244,484,4
957870159259041792,Thread 77,232,451,3
957871683150397440,Thread 77,263,474,5
957872263323271168,Thread 77,198,405,5
957873377036791808,Thread 77,394,593,7
957874578918752256,Thread 77,505,720,9
957874960726245376,Thread 77,599,1030,0
957875758160011264,Thread 77,515,792,13
957876725110591488,Thread 77,958,1845,0
957877190699270144,Thread 77,1123,2502,0
957436790058684416,Thread 78,8041,11435,336
957437150869446656,Thread 78,133,1306,0
957437445665992705,Thread 78,126,1226,0
957437921539141632,Thread 78,128,1295,0
957438186241736704,Thread 78,129,1299,0
957438469265014784,Thread 78,265,1929,0
957438995461373952,Thread 78,205,1761,0
957439287963746305,Thread 78,342,2447,0
957439978300035072,Thread 78,166,1721,0
957440336766234625,Thread 78,299,2726,0
957440615012159493,Thread 78,182,2185,0
957441101392039937,Thread 78,267,2905,0
957441696421179393,Thread 78,743,3941,0
957442108821876737,Thread 78,248,2158,0
957442418047008768,Thread 78,392,2657,0
957442716115218432,Thread 78,806,7584,0
994259054963896320,Thread 79,12,15,5
994259053831442432,Thread 79,40,44,1
994259057123962880,Thread 79,13,13,1
994259060429082630,Thread 79,12,15,1
994259063943901190,Thread 79,12,14,1
994259062270373890,Thread 79,27,22,2
994259066305368064,Thread 79,11,17,1
994259068482179072,Thread 79,9,12,2
994259076417818624,Thread 79,9,12,1
994259078141693952,Thread 79,7,11,1
994259080054300673,Thread 79,13,14,2
994259085271949312,Thread 79,9,15,1
994259087889137664,Thread 79,11,15,1
994259090057695232,Thread 79,9,9,1
994259092389662720,Thread 79,7,9,1
994259095061491712,Thread 79,12,20,2
994259093882798080,Thread 79,9,14,1
994581474769821698,Thread 79,9,9,2
994581476510502912,Thread 79,10,7,1
994581478016241664,Thread 79,13,12,0
957641061672869888,Thread 80,113,296,16
957641351419564032,Thread 80,18,147,1
957641941843369985,Thread 80,8,105,1
957642608444084225,Thread 80,9,99,1
957643021453070336,Thread 80,9,104,1
957643512329265153,Thread 80,7,90,1
957644509629829120,Thread 80,27,161,2
957644627204608001,Thread 80,18,102,1
957645294510002176,Thread 80,25,148,3
957645635540447232,Thread 80,29,203,1
957647421869383680,Thread 80,27,185,5
957649745832443904,Thread 80,5,88,2
957814728159584257,Thread 80,5,50,1
957815160198123520,Thread 80,15,75,1
957815468177444865,Thread 80,5,40,2
957816130047004675,Thread 80,6,54,1
957817152366612481,Thread 80,16,96,2
960142833129787394,Thread 81,9,53,5
960143276975194112,Thread 81,1,9,4
960146274187083778,Thread 81,1,7,1
960148342708817921,Thread 81,0,2,1
960154832861614080,Thread 81,0,9,1
960156798295728128,Thread 81,5,15,4
960557902561005568,Thread 81,0,4,2
960561536170422278,Thread 81,0,7,1
960563379575443457,Thread 81,0,0,2
960710570881306624,Thread 81,0,7,2
960710877333901312,Thread 81,5,45,3
960722082245038080,Thread 81,0,6,2
960722546881638400,Thread 81,0,6,1
960879962902450176,Thread 81,4,15,2
960939253718020098,Thread 81,1,3,3
961021338012942336,Thread 81,1,7,2
961274407359537152,Thread 81,0,2,1
962039587836108800,Thread 81,1,7,1
962113029843374081,Thread 81,1,2,1
962159410884874240,Thread 81,0,0,0
960902808269676546,Thread 82,298,483,16
960902928390348801,Thread 82,119,275,3
960903039648436224,Thread 82,88,183,2
960903519833411584,Thread 82,167,286,4
960903658178334722,Thread 82,60,132,2
960904025066688513,Thread 82,65,153,1
960904428143464448,Thread 82,79,185,3
960904582586159104,Thread 82,60,151,2
960905469220048896,Thread 82,70,141,5
960905664276127745,Thread 82,29,83,1
960906303886512128,Thread 82,50,120,1
960906426775408641,Thread 82,47,114,1
960906725137240064,Thread 82,42,109,2
960906898177478657,Thread 82,26,77,1
960907031560511491,Thread 82,42,97,2
960907288335790081,Thread 82,35,83,1
960907989543776256,Thread 82,55,112,2
960908631523897344,Thread 82,61,107,5
960909027327774720,Thread 82,50,100,5
960911896881885184,Thread 83,138,404,31
960912163736117250,Thread 83,14,75,6
960912690104426496,Thread 83,9,105,5
960913475114622976,Thread 83,5,58,4
960914850414301184,Thread 83,2,40,2
960915109962047488,Thread 83,7,121,4
960915522119487488,Thread 83,6,113,3
960916276775354370,Thread 83,7,77,2
960916862841315329,Thread 83,7,71,3
960917721570533376,Thread 83,1,45,2
960917959299432449,Thread 83,1,52,4
960918891626188800,Thread 83,1,49,2
960919133222260737,Thread 83,4,110,4
960919846220390401,Thread 83,2,60,11
960920495129616384,Thread 83,2,48,3
960923400427524096,Thread 83,2,90,5
960923399026544640,Thread 83,2,57,3
960924936692002816,Thread 83,2,83,14
960848831092011008,Thread 84,489,379,21
960849475546869761,Thread 84,45,37,2
960849757559287808,Thread 84,40,33,2
960850148694863872,Thread 84,36,25,1
960850580519440384,Thread 84,32,24,1
960850855577735170,Thread 84,25,20,2
960851189897351168,Thread 84,44,35,4
960852317095555073,Thread 84,27,22,2
960852955619643394,Thread 84,53,44,3
960854097959190530,Thread 84,25,19,1
960854513879076864,Thread 84,24,24,3
960854885964091392,Thread 84,24,15,1
960855848082903040,Thread 84,37,31,1
960858384143671296,Thread 84,63,37,2
960859470896168960,Thread 84,22,16,1
960860253767249920,Thread 84,36,18,3
960860564783288322,Thread 84,33,19,1
960860778621530113,Thread 84,12,28,7
960870141633363968,Thread 85,293,582,14
960870142791036928,Thread 85,45,152,2
960870145114722307,Thread 85,38,150,11
960870151146139648,Thread 85,66,220,1
960870149837422593,Thread 85,31,127,1
960870148117794816,Thread 85,37,151,7
960870154056978432,Thread 85,47,167,8
960870160172310530,Thread 85,72,205,8
960870164429524992,Thread 85,38,142,3
960870163116675072,Thread 85,51,180,4
960870168296599552,Thread 85,133,265,5
960870165708754944,Thread 85,36,145,4
960870167038320641,Thread 85,44,175,14
960870172570607616,Thread 85,95,233,5
960870170431508480,Thread 85,51,175,5
960870175196303362,Thread 85,92,321,11
960870176395808768,Thread 85,45,178,4
960870180355223552,Thread 85,37,177,5
960870177746358273,Thread 85,75,295,18
960721659115089920,Thread 86,138,128,17
960721660268617733,Thread 86,22,37,3
960721665096167424,Thread 86,32,39,1
960721663997362176,Thread 86,15,24,2
960721662713905152,Thread 86,28,34,2
960721661380124672,Thread 86,26,28,3
960721666312515584,Thread 86,21,34,1
960721668652941312,Thread 86,13,28,1
960721667604463616,Thread 86,15,26,3
960721672176156672,Thread 86,17,33,2
960721669995118592,Thread 86,15,32,2
960721671098216449,Thread 86,14,35,1
960721673346465798,Thread 86,15,33,5
960721677444251648,Thread 86,11,29,1
960721675951091712,Thread 86,30,31,1
960721674625720320,Thread 86,19,28,1
960723988073758721,Thread 86,21,37,8
964010680155164672,Thread 86,19,28,4
964100120219439104,Thread 87,445,550,28
964101878605901826,Thread 87,169,265,9
964102560121544704,Thread 87,153,259,12
964103144207736832,Thread 87,142,260,11
964104911335165952,Thread 87,142,226,44
964106711647772674,Thread 87,152,250,8
964107413623312385,Thread 87,154,377,27
964204842175508480,Thread 87,205,331,17
964205675713736704,Thread 87,114,222,14
964225981480398849,Thread 87,202,289,20
964235530673238018,Thread 87,189,284,21
964270917005316096,Thread 87,162,219,17
964272599231496197,Thread 87,190,246,21
964277178291642369,Thread 87,136,177,13
964281580712792070,Thread 87,155,208,14
964288449963544577,Thread 87,163,259,19
964293058538950657,Thread 87,231,313,21
964340445215117313,Thread 87,10,34,4
961696447656640512,Thread 88,908,1119,56
961696791832936448,Thread 88,184,373,4
961698120731017216,Thread 88,243,427,6
961698977430171648,Thread 88,285,440,9
961701321177886720,Thread 88,196,356,2
961701791241928704,Thread 88,184,364,2
961702780028174336,Thread 88,251,424,2
961703744059490304,Thread 88,255,452,8
961704319631335424,Thread 88,392,614,9
961705267019657216,Thread 88,297,541,7
961706182774743040,Thread 88,304,554,9
961708171042553856,Thread 88,177,344,2
961709353400123392,Thread 88,181,301,5
961710744222842880,Thread 88,192,305,6
961710974431473664,Thread 88,133,252,5
961714247100084224,Thread 88,156,275,2
961715808123551744,Thread 88,163,301,19
963450420562718720,Thread 89,363,599,42
963451370698354689,Thread 89,25,30,1
963452648837009410,Thread 89,17,31,5
963453070301687809,Thread 89,11,21,1
963458766678183942,Thread 89,15,25,2
963459305025531906,Thread 89,25,40,3
963459580788436992,Thread 89,20,41,6
963459846078189568,Thread 89,18,33,1
963459931901972480,Thread 89,27,50,2
963460274035576835,Thread 89,14,25,1
963460483230699522,Thread 89,12,21,1
963460676600696832,Thread 89,9,19,1
963461307495219203,Thread 89,1,10,1
963461648303513602,Thread 89,14,28,2
963461895872270336,Thread 89,1,2,1
963480992039292928,Thread 89,17,15,6
963172167516086272,Thread 90,1625,2073,127
963172169550360576,Thread 90,89,455,9
963172173845270528,Thread 90,82,383,4
963172171588698112,Thread 90,89,448,4
963172175745347586,Thread 90,90,468,6
963172177846644739,Thread 90,83,457,6
963172182867238914,Thread 90,101,448,4
963172180124192768,Thread 90,75,420,4
963172185039949829,Thread 90,99,432,9
963172186918981633,Thread 90,102,444,3
963172189712404481,Thread 90,97,497,6
963172191872454656,Thread 90,73,407,5
963172194086981633,Thread 90,88,427,4
963172196012167171,Thread 90,78,406,4
963172198109229056,Thread 90,81,435,4
963172199812288512,Thread 90,62,334,3
963172203784175617,Thread 90,127,678,12
963172201666109440,Thread 90,85,417,33
963415246382813185,Thread 90,61,195,19
963217232485433344,Thread 91,25,36,16
963217231000694785,Thread 91,845,1091,1
963217236612673536,Thread 91,13,16,1
963217238164557825,Thread 91,3,7,1
963217234523901952,Thread 91,4,10,1
963217239540359168,Thread 91,27,41,5
963217241138388992,Thread 91,13,16,1
963217242677657600,Thread 91,7,18,1
963217245609459712,Thread 91,6,6,1
963217244044972032,Thread 91,11,14,1
963217250458025984,Thread 91,6,6,1
963217248797171712,Thread 91,8,5,1
963217247304007680,Thread 91,7,8,1
963217253490597888,Thread 91,7,14,3
963217251984789506,Thread 91,8,11,1
963217255059238913,Thread 91,8,18,6
961760315858980864,Thread 92,145,360,21
961761787279486976,Thread 92,0,40,3
961762929694707712,Thread 92,0,30,1
961762934119653376,Thread 92,0,19,1
961763764281446401,Thread 92,0,24,1
961764189109915648,Thread 92,0,29,1
961764746964946944,Thread 92,1,30,1
961768651270639616,Thread 92,0,32,1
961769755005865985,Thread 92,4,132,1
961770560706547714,Thread 92,0,38,1
961771235381272577,Thread 92,0,37,1
961772173420584961,Thread 92,0,35,1
961773055319117825,Thread 92,1,59,1
961773061199548416,Thread 92,0,22,1
961773685257404418,Thread 92,0,22,1
961774273277898757,Thread 92,1,30,1
961775204790886400,Thread 92,0,35,1
961775864286515200,Thread 92,7,86,2
961776440780959744,Thread 92,4,60,2
961776919174934529,Thread 92,7,175,4
966077144135880704,Thread 93,132,190,7
966077797407117314,Thread 93,2,27,1
966077965464428546,Thread 93,7,65,4
966078130380296194,Thread 93,4,54,2
966078754736037888,Thread 93,3,24,2
966078971363328000,Thread 93,13,55,1
966079304466681858,Thread 93,9,44,1
966079451116310529,Thread 93,8,61,1
966079630603096064,Thread 93,8,63,1
966080115976409088,Thread 93,31,91,3
966080353457799175,Thread 93,5,50,1
966080528549138435,Thread 93,5,27,1
966080666894000128,Thread 93,3,25,1
966080825270964224,Thread 93,3,23,1
966080977838669831,Thread 93,4,23,2
966081136937127947,Thread 93,5,19,1
966081294840074240,Thread 93,3,19,1
966081500855889920,Thread 93,1,34,7
966050292537090048,Thread 94,407,587,41
966050483243704320,Thread 94,118,358,16
966050714320494592,Thread 94,212,538,7
966050869513895937,Thread 94,95,334,14
966051139132141568,Thread 94,244,729,22
966052006925279232,Thread 94,80,248,19
966052416708796416,Thread 94,69,277,3
966052895689879552,Thread 94,145,313,7
966053154323181568,Thread 94,180,472,6
966053464743723013,Thread 94,189,471,9
966054439319568384,Thread 94,118,273,8
966054734997069824,Thread 94,130,398,4
966055094629236736,Thread 94,135,457,11
966059009068314626,Thread 94,98,291,19
966059692567937024,Thread 94,85,334,11
966059946990215168,Thread 94,142,392,14
966061629518503936,Thread 94,167,533,28
997733917925896192,Thread 95,71,166,13
997738178223128578,Thread 95,10,25,1
997741584740270080,Thread 95,15,30,2
997746218796138496,Thread 95,33,47,1
997760892971442178,Thread 95,26,36,2
997770156091805696,Thread 95,39,81,1
997774405773266944,Thread 95,22,20,3
997780903974850560,Thread 95,17,37,3
997782512209420290,Thread 95,37,50,6
997788961480347648,Thread 95,36,46,2
997793230161883138,Thread 95,22,31,3
997794540890284034,Thread 95,13,17,2
997795923261607937,Thread 95,75,146,5
997804219968172032,Thread 95,30,70,4
997811410712367105,Thread 95,18,35,2
997812453495930880,Thread 95,56,110,2
997824506730344448,Thread 95,66,135,4
997847779815886849,Thread 95,31,98,7
997878719913054208,Thread 95,90,186,10
997912373154414593,Thread 95,113,273,8
965970429990047744,Thread 96,284,397,19
965972698252894208,Thread 96,140,173,7
965981910450294784,Thread 96,82,108,4
965985383308779521,Thread 96,71,90,4
965989547837452288,Thread 96,84,103,3
965991479129837569,Thread 96,72,90,2
965996272808230912,Thread 96,94,132,3
965999259911905280,Thread 96,95,135,3
966048043526221825,Thread 96,61,74,2
966064276858441728,Thread 96,61,81,2
966090034301558786,Thread 96,61,81,2
966101208619470848,Thread 96,177,248,9
966103243792306176,Thread 96,56,86,3
966110516308570112,Thread 96,65,80,2
966136124967137281,Thread 96,52,87,2
966144016382341121,Thread 96,194,188,3
994070193319145472,Thread 96,54,81,1
964034409052585984,Thread 97,136,101,8
964034956182736896,Thread 97,23,32,1
964035770150367232,Thread 97,12,21,3
964035915529138176,Thread 97,15,29,1
964036486210310144,Thread 97,32,47,1
964037022305275905,Thread 97,14,25,2
964037339247886336,Thread 97,18,25,1
964037558500868097,Thread 97,15,24,1
964037944951492608,Thread 97,16,23,2
964039171772837888,Thread 97,11,21,1
964039603068915712,Thread 97,26,35,1
964040077910327296,Thread 97,18,28,1
964040924018892800,Thread 97,16,27,1
964041042084298754,Thread 97,15,27,1
964042641531838464,Thread 97,34,31,2
964043681572446208,Thread 97,23,30,3
964044158557085696,Thread 97,43,45,1
964046172015898625,Thread 97,29,33,2
964046566184009728,Thread 97,29,38,2
965761059910045697,Thread 98,143,473,14
965761065630994432,Thread 98,19,130,3
965761064263700482,Thread 98,13,85,4
965761068617388033,Thread 98,12,97,4
965761067375833088,Thread 98,10,81,2
965761074627739648,Thread 98,8,40,3
965761073327628288,Thread 98,14,104,1
965761075831590913,Thread 98,62,352,11
965761076959772675,Thread 98,10,75,2
965761080562765826,Thread 98,5,42,1
965761084106969090,Thread 98,7,63,1
965761086581563393,Thread 98,4,45,1
965761085381992449,Thread 98,4,44,1
965761089706315778,Thread 98,25,136,2
965761088305483776,Thread 98,13,64,9
965969543108747264,Thread 98,2,34,1
981174197442502657,Thread 98,5,27,2
999150018404679680,Thread 99,65,107,10
999150022003437568,Thread 99,12,34,1
999150026055213056,Thread 99,8,29,1
999150029968375808,Thread 99,18,36,1
999150033386790912,Thread 99,32,55,2
999150037476265984,Thread 99,22,50,2
999150041662197761,Thread 99,20,41,2
999150044233326592,Thread 99,9,37,1
999150048834473984,Thread 99,9,23,1
999150054236721153,Thread 99,9,39,1
999150060737892352,Thread 99,18,44,2
999150064919568384,Thread 99,23,42,2
999150070519029761,Thread 99,16,52,1
999150074537144320,Thread 99,15,35,2
999150079670915072,Thread 99,12,29,1
999150087279431680,Thread 99,15,33,2
999150091079471104,Thread 99,17,51,2
999389983470387205,Thread 99,8,21,5
999884342749937672,Thread 99,4,5,1
