id,thread_number
998968203681427458,Thread 1
998968303136727041,Thread 1
998968508225589249,Thread 1
998968614509273088,Thread 1
998969018781523975,Thread 1
998969261837225985,Thread 1
998969661021618176,Thread 1
998969951498186752,Thread 1
998970045526106112,Thread 1
998972414569697280,Thread 1
998972530928115712,Thread 1
998972603661455361,Thread 1
998973228503764993,Thread 1
998974774083817472,Thread 1
998985720080556034,Thread 1
998985999022772225,Thread 1
998986062901972992,Thread 1
998995611650347008,Thread 1
998660806005768192,Thread 2
998660812330881024,Thread 2
998660819704463360,Thread 2
998660825429639168,Thread 2
998660823110184960,Thread 2
998660828592156672,Thread 2
998660834237726720,Thread 2
998660831360397314,Thread 2
998660837513428992,Thread 2
998660840688533510,Thread 2
998660844006260736,Thread 2
998660846770245633,Thread 2
998660850134142976,Thread 2
998660853057470464,Thread 2
998660855825711104,Thread 2
998748723000758272,Thread 2
999311515562868738,Thread 3
999311514556284928,Thread 3
999311516871442432,Thread 3
999311518163390465,Thread 3
999311520235323393,Thread 3
999311519308333056,Thread 3
999311521514598401,Thread 3
999311522600894465,Thread 3
999311525906018304,Thread 3
999311523674705920,Thread 3
999311524740005888,Thread 3
999311530368774147,Thread 3
999311527017512960,Thread 3
999311528070299648,Thread 3
999311529198501888,Thread 3
999311533678051328,Thread 3
999311534982508544,Thread 3
999311531446693888,Thread 3
999311532616962048,Thread 3
976133078618984449,Thread 4
976133286207610880,Thread 4
976133380227117060,Thread 4
976133598867853312,Thread 4
976133820549300226,Thread 4
976134027303243776,Thread 4
976134128159555585,Thread 4
976134362445045760,Thread 4
976134635448160256,Thread 4
976134919826100224,Thread 4
976135113305133056,Thread 4
976135435813638146,Thread 4
976135620803297282,Thread 4
976135725157675008,Thread 4
976135869735297025,Thread 4
976136086308245506,Thread 4
976136283226591232,Thread 4
976136435534266369,Thread 4
973963426140708864,Thread 5
973963430079156224,Thread 5
973963427873001473,Thread 5
973963433652736001,Thread 5
973963431727566849,Thread 5
973963435720499202,Thread 5
973963437591138304,Thread 5
973963439373783040,Thread 5
973963441785450496,Thread 5
973963446239813633,Thread 5
973963444243312641,Thread 5
973963447984640003,Thread 5
973963450320859136,Thread 5
973963453961469952,Thread 5
973963452086673408,Thread 5
973963455735754754,Thread 5
973963457488932864,Thread 5
973963463709069312,Thread 5
948227465222279168,Thread 6
948227467436838914,Thread 6
948227470075072512,Thread 6
948227474407780353,Thread 6
948227472436400133,Thread 6
948227477578625025,Thread 6
948227480120385536,Thread 6
948227482813124611,Thread 6
948227485300379648,Thread 6
948227491763761152,Thread 6
948227487959482369,Thread 6
948227495064670209,Thread 6
948227496968884225,Thread 6
948227504661200896,Thread 6
948227501687492611,Thread 6
948290767713390592,Thread 6
950049536424185856,Thread 6
976260629953736709,Thread 7
976260988352761856,Thread 7
976261437243953153,Thread 7
976261601249714176,Thread 7
976261729838686208,Thread 7
976262569940877320,Thread 7
976263186033897472,Thread 7
976263438241550336,Thread 7
976263968988811264,Thread 7
976264258601259008,Thread 7
976265677186183174,Thread 7
976265939607085056,Thread 7
976266205211320322,Thread 7
976266352573997056,Thread 7
976266728597610496,Thread 7
976267022823804929,Thread 7
976267404606132224,Thread 7
976267853962805248,Thread 7
976268331232780288,Thread 7
976268640344510464,Thread 7
981831612965924864,Thread 8
981831616875003904,Thread 8
981831615000162304,Thread 8
981831618762457088,Thread 8
981831620696027136,Thread 8
981831624449966083,Thread 8
981831622554091520,Thread 8
981831626417094658,Thread 8
981831630061953025,Thread 8
981831628312883202,Thread 8
981831633908088832,Thread 8
981831631936765952,Thread 8
981831636017823745,Thread 8
981831638039449600,Thread 8
981831641990512640,Thread 8
981831639956316160,Thread 8
976669658597199872,Thread 9
976670935607599104,Thread 9
976671992547037187,Thread 9
976672771060174849,Thread 9
976673323496034304,Thread 9
976674239280570369,Thread 9
976674825426096128,Thread 9
976675389610381312,Thread 9
976675904159023104,Thread 9
976677598616084480,Thread 9
976678247168651264,Thread 9
976678711989882880,Thread 9
976679376006901761,Thread 9
976680721082351616,Thread 9
976681540641067008,Thread 9
976681847622131712,Thread 9
999284927983243264,Thread 10
999290681439944704,Thread 10
999291415908806656,Thread 10
999291954734206976,Thread 10
999292568117669889,Thread 10
999295575026753538,Thread 10
999295877427712000,Thread 10
999298454588477440,Thread 10
999299371652050946,Thread 10
999300005264584706,Thread 10
999301873684353024,Thread 10
999302662603661318,Thread 10
999304042080808960,Thread 10
999304512140660736,Thread 10
999306100108333057,Thread 10
999306854097354752,Thread 10
999307688927551488,Thread 10
999323684761415680,Thread 10
999326018790985729,Thread 10
999327121582579712,Thread 10
976644199650127873,Thread 11
976644204024737792,Thread 11
976644205908029441,Thread 11
976644218142838784,Thread 11
976644231862325251,Thread 11
976644248178225152,Thread 11
976645720462721024,Thread 11
976646445595062272,Thread 11
976646819248857088,Thread 11
976648072112558080,Thread 11
976649138828963840,Thread 11
976649411588689921,Thread 11
976650868727656448,Thread 11
976651642081828864,Thread 11
976653323205074944,Thread 11
976653660812972039,Thread 11
976654354991276032,Thread 11
976654754217684994,Thread 11
976655197282893824,Thread 11
976843742396207104,Thread 11
975193491730034691,Thread 12
975193510897967111,Thread 12
975193517701193728,Thread 12
975193989417750529,Thread 12
975195117798780933,Thread 12
975195119015034880,Thread 12
975195811083583488,Thread 12
975196882426368001,Thread 12
975197868280688640,Thread 12
975206448132165632,Thread 12
975206450912952320,Thread 12
975206669381750784,Thread 12
975207499027697665,Thread 12
975207500143382528,Thread 12
975207502613766149,Thread 12
975207503788113920,Thread 12
975213362102571008,Thread 12
975222799999668225,Thread 12
973769227739025408,Thread 13
973769229404164096,Thread 13
973769233141321728,Thread 13
973769231199363073,Thread 13
973769237411049473,Thread 13
973769234978353154,Thread 13
973769242914025476,Thread 13
973769241055977472,Thread 13
973769239302635520,Thread 13
973769246613393409,Thread 13
973769244876951552,Thread 13
973769589623488512,Thread 13
973770111994777601,Thread 13
973770546474377216,Thread 13
973771373138120705,Thread 13
973771375323336704,Thread 13
973774326041280512,Thread 13
985253889392787456,Thread 14
985254614197940224,Thread 14
985254615762354176,Thread 14
985254615049318400,Thread 14
985255284498055168,Thread 14
985255285232099328,Thread 14
985255650199453696,Thread 14
985255651067572224,Thread 14
985256111279226880,Thread 14
985256110381674498,Thread 14
985256496148574208,Thread 14
985256495397855232,Thread 14
985256708925566976,Thread 14
985256917873209345,Thread 14
985257681882525697,Thread 14
985257682624921600,Thread 14
986240442399256576,Thread 14
985910452839329792,Thread 15
985910454256939008,Thread 15
985910456979042304,Thread 15
985910465367691264,Thread 15
985910464637911040,Thread 15
985910468991582208,Thread 15
985910466227523584,Thread 15
985910471537573888,Thread 15
985910474037342208,Thread 15
985910477162037249,Thread 15
985910478013517824,Thread 15
985910481465425926,Thread 15
985910479011762176,Thread 15
985910484313362432,Thread 15
985910487383654401,Thread 15
985910488386060288,Thread 15
997892198871027712,Thread 16
998191165894807552,Thread 16
998191645698019328,Thread 16
998192128294518785,Thread 16
998193084537212928,Thread 16
998194102163398656,Thread 16
998194932891508738,Thread 16
998195579695042560,Thread 16
998204740499574784,Thread 16
998205551988346881,Thread 16
998206914185048064,Thread 16
998207524485640192,Thread 16
998208064674201601,Thread 16
998208917166608384,Thread 16
998209454876319745,Thread 16
998210072856719360,Thread 16
998210735955169280,Thread 16
998211434315243520,Thread 16
953821026684735488,Thread 17
953821909329866758,Thread 17
953826013531734016,Thread 17
953827866579435521,Thread 17
953829908593152006,Thread 17
953831069744279554,Thread 17
953832782651953157,Thread 17
953834438592524288,Thread 17
953836421609029632,Thread 17
953840784184356865,Thread 17
953843512688209921,Thread 17
953845227772620800,Thread 17
953847076592463872,Thread 17
953848055656275968,Thread 17
953849213204488198,Thread 17
953852400305082368,Thread 17
953855295750590464,Thread 17
953858303339220993,Thread 17
953864177961046017,Thread 17
953867283973144576,Thread 17
952879121503223808,Thread 18
952880474371784710,Thread 18
952881561921343489,Thread 18
952882491702071296,Thread 18
952883770893438977,Thread 18
952884625730428928,Thread 18
952885487445991424,Thread 18
952886229422534657,Thread 18
952887181730811904,Thread 18
952888148476026880,Thread 18
952889262151696386,Thread 18
952890951961399297,Thread 18
952891978982846464,Thread 18
952893153186668544,Thread 18
952894463873036288,Thread 18
952895596184162305,Thread 18
952903229821636608,Thread 18
963728007700582400,Thread 19
963728016798085121,Thread 19
963728018517774336,Thread 19
963728023030845441,Thread 19
963728021042679809,Thread 19
963802648045551616,Thread 19
963803244534358017,Thread 19
963803409584402432,Thread 19
963803508100272129,Thread 19
963803574529556482,Thread 19
963803661364289536,Thread 19
963803743958552581,Thread 19
963803839756464128,Thread 19
963818973308641281,Thread 19
964055506548613120,Thread 19
964091166345089024,Thread 19
970248407523758080,Thread 20
970248409075548160,Thread 20
970248414268141568,Thread 20
970248410346524672,Thread 20
970248417971752960,Thread 20
970248415509712896,Thread 20
970248421956292608,Thread 20
970248420609978369,Thread 20
970248426079358976,Thread 20
970248430944649218,Thread 20
970248428407140352,Thread 20
970248434849669122,Thread 20
970248438746177538,Thread 20
970248441292115968,Thread 20
970248446455287808,Thread 20
970248444769198080,Thread 20
970248449106038784,Thread 20
970249414014132225,Thread 20
970407905454444544,Thread 20
975151388769447936,Thread 21
975151985358852096,Thread 21
975152658624397312,Thread 21
975154396832018432,Thread 21
975155822777913344,Thread 21
975156809500520448,Thread 21
975157123037282306,Thread 21
975158021989912576,Thread 21
975158773948887041,Thread 21
975159727578537985,Thread 21
975160719082635264,Thread 21
975161430822436864,Thread 21
975162787889537024,Thread 21
975163663110688773,Thread 21
975165788276498433,Thread 21
975166349176553473,Thread 21
975167102683238400,Thread 21
975168467698466816,Thread 21
994462986948444160,Thread 22
994464168265871360,Thread 22
994467382319046657,Thread 22
994469393672429569,Thread 22
994469849907724288,Thread 22
994471159436664834,Thread 22
994471760409047042,Thread 22
994473215106875392,Thread 22
994473435475693571,Thread 22
994473719501393920,Thread 22
994474040088817664,Thread 22
994474593338486784,Thread 22
994475023036502016,Thread 22
994475904985427968,Thread 22
994476318606708736,Thread 22
994502848795828225,Thread 22
994505167721713664,Thread 22
967873635980595200,Thread 23
967873651881234434,Thread 23
967873662748708864,Thread 23
967873672546578432,Thread 23
967873680956149760,Thread 23
967874680764977152,Thread 23
967874955399581697,Thread 23
967875071141404674,Thread 23
967875162627563524,Thread 23
967875364239364096,Thread 23
967876019200970752,Thread 23
967876115518885888,Thread 23
967876219621593090,Thread 23
967876380032753664,Thread 23
967877022851780608,Thread 23
967877119702335490,Thread 23
967877703729926145,Thread 23
967878221609013249,Thread 23
968479262125805568,Thread 23
976093843211866113,Thread 24
976094234146168832,Thread 24
976094792500305920,Thread 24
976095637161893889,Thread 24
976097978632015872,Thread 24
976098655643033603,Thread 24
976099207231803392,Thread 24
976099903473627137,Thread 24
976100532078174208,Thread 24
976100901885800448,Thread 24
976103666607382528,Thread 24
976103985831653382,Thread 24
976104550024335360,Thread 24
976104834104463361,Thread 24
976105526026211328,Thread 24
976106659591458816,Thread 24
997228839318286336,Thread 25
997228843227377666,Thread 25
997228846125670402,Thread 25
997228850256973824,Thread 25
997228854002544641,Thread 25
997228858951766017,Thread 25
997228863519449088,Thread 25
997228867336028160,Thread 25
997228871350136833,Thread 25
997228874521022466,Thread 25
997228877343752199,Thread 25
997228880606978049,Thread 25
997228883765350400,Thread 25
997228888483880960,Thread 25
997228894448160769,Thread 25
997228891684077570,Thread 25
997228897447145473,Thread 25
965123255857184769,Thread 26
965124339258490880,Thread 26
965125472605671425,Thread 26
965127016323350528,Thread 26
965129458008117248,Thread 26
965131852968333312,Thread 26
965134667124011008,Thread 26
965136456388956160,Thread 26
965137535943966720,Thread 26
965138354420572160,Thread 26
965139680193859585,Thread 26
965142919333203968,Thread 26
965143944916062208,Thread 26
965146480196583424,Thread 26
965148414701981696,Thread 26
965231038615220224,Thread 26
965231796953677824,Thread 26
965235229475721216,Thread 26
965236209835495424,Thread 26
955213302094757889,Thread 27
955213305882337280,Thread 27
955213303533461504,Thread 27
955213307639664641,Thread 27
955213310630260736,Thread 27
955213309120303105,Thread 27
955213313062899712,Thread 27
955213311905357825,Thread 27
955213315608842240,Thread 27
955213318515458048,Thread 27
955213321506099202,Thread 27
955213322567274501,Thread 27
955213319639654400,Thread 27
955213326459555840,Thread 27
955213325121544192,Thread 27
955213327646511104,Thread 27
955213324068835330,Thread 27
964648234261114880,Thread 28
964658152921882624,Thread 28
964682077210923010,Thread 28
964729259716763648,Thread 28
964873306162769923,Thread 28
964909140127690754,Thread 28
965252395960848385,Thread 28
965257733686677504,Thread 28
965258084213035008,Thread 28
965269733804298240,Thread 28
965271152024317955,Thread 28
965373877823115264,Thread 28
965669737714855936,Thread 28
965670935251640321,Thread 28
966068713383395328,Thread 28
966072953258553345,Thread 28
955997172264251392,Thread 29
955998319997804545,Thread 29
955999059654987776,Thread 29
956000409751117825,Thread 29
956000668552253440,Thread 29
956000940083032064,Thread 29
956001188155215872,Thread 29
956001368648683522,Thread 29
956001889753141249,Thread 29
956002091696345089,Thread 29
956002507695763456,Thread 29
956009408886173696,Thread 29
956009557045768192,Thread 29
956010292877709312,Thread 29
956143796571471872,Thread 29
956154972730679296,Thread 29
965239671088435200,Thread 30
965240035279859713,Thread 30
965240363433779201,Thread 30
965240974111903744,Thread 30
965241761953181696,Thread 30
965243962708590594,Thread 30
965244132691234816,Thread 30
965244363956801536,Thread 30
965245064837464064,Thread 30
965245542564532224,Thread 30
965246046027776000,Thread 30
965246418402373632,Thread 30
965246856535203841,Thread 30
965247995657760768,Thread 30
965248286608281601,Thread 30
965249110726111232,Thread 30
965249909367672833,Thread 30
965250638618791938,Thread 30
965251190203342854,Thread 30
961073755601686529,Thread 31
961074749165178880,Thread 31
961076452878888960,Thread 31
961076949568270336,Thread 31
961078762887630849,Thread 31
961079073832361984,Thread 31
961079548023582720,Thread 31
961081730730995721,Thread 31
961082561417146369,Thread 31
961083873882005505,Thread 31
961084458555277312,Thread 31
961085694889390080,Thread 31
961086618240155648,Thread 31
961088029724172288,Thread 31
961089063800406018,Thread 31
961090581530398720,Thread 31
961091880422395904,Thread 31
961092383474675714,Thread 31
961094185075036162,Thread 31
944062711503077376,Thread 32
944062723070889984,Thread 32
944062745585975298,Thread 32
944062757841731585,Thread 32
944062761209798656,Thread 32
944062780818145281,Thread 32
944062795661828097,Thread 32
944062799486926848,Thread 32
944062811956637696,Thread 32
944062818302672897,Thread 32
944062820215222273,Thread 32
944062824002625536,Thread 32
944062822106808320,Thread 32
944062827291017216,Thread 32
944062825344909312,Thread 32
944062837722193920,Thread 32
993695458517110784,Thread 33
993695461797126144,Thread 33
993695460190699521,Thread 33
993695461063114752,Thread 33
993695462606585856,Thread 33
993695459284680705,Thread 33
993695465928454144,Thread 33
993695464351449088,Thread 33
993695465144180737,Thread 33
993695466716975104,Thread 33
993695463571271680,Thread 33
993695471150350336,Thread 33
993695467509768193,Thread 33
993695468319227904,Thread 33
993695470311493634,Thread 33
993695469552386048,Thread 33
993695472802873344,Thread 33
993695471968313344,Thread 33
960976978466586624,Thread 34
960977552650088448,Thread 34
960977929898377216,Thread 34
960978703764267008,Thread 34
960979386760445952,Thread 34
960979785093562368,Thread 34
960980142641184768,Thread 34
960980831102619648,Thread 34
960981367080153088,Thread 34
960981767984373760,Thread 34
960982338917158912,Thread 34
960982943593189376,Thread 34
960983668901625856,Thread 34
960984219395616768,Thread 34
960985011255107584,Thread 34
960985520875610112,Thread 34
960986720320671744,Thread 34
960987333494370304,Thread 34
960987791239790592,Thread 34
977661196378693632,Thread 35
977663470240858112,Thread 35
977665090005553152,Thread 35
977666478055944192,Thread 35
977667330502086656,Thread 35
977668754099265537,Thread 35
977669724841521152,Thread 35
977670969786445824,Thread 35
977671911965523969,Thread 35
977673731068788737,Thread 35
977675106506784768,Thread 35
977676855108026368,Thread 35
977678174120275969,Thread 35
977680353119760384,Thread 35
977681061600612352,Thread 35
977682298622459904,Thread 35
977683891220721665,Thread 35
976909732467310592,Thread 36
976923731934134272,Thread 36
976923733553287173,Thread 36
976923735805571073,Thread 36
976923741027520519,Thread 36
976923737449693184,Thread 36
976923739374915584,Thread 36
976923742487154690,Thread 36
976923745028886528,Thread 36
976923746643709952,Thread 36
976923748728262658,Thread 36
976923750431014912,Thread 36
976923752004050944,Thread 36
976923757892853760,Thread 36
976923754273046528,Thread 36
976923755942498310,Thread 36
976923759796944897,Thread 36
976923761151741952,Thread 36
976923763668389888,Thread 36
976923765065048066,Thread 36
953874159691534336,Thread 37
953874161755131905,Thread 37
953874165366390784,Thread 37
953874163034415105,Thread 37
953874163982323712,Thread 37
953874166733733888,Thread 37
953874169166532608,Thread 37
953874171829932032,Thread 37
953874173230747648,Thread 37
953874178259681280,Thread 37
953874175243976709,Thread 37
953874176573689856,Thread 37
953874181602578432,Thread 37
953874182680563713,Thread 37
953874179920748544,Thread 37
953874184286949376,Thread 37
953875718215274501,Thread 37
953297197705121792,Thread 38
953297200376934401,Thread 38
953297204210470912,Thread 38
953297205527498753,Thread 38
953297203061288961,Thread 38
953297214285197312,Thread 38
953297211152125953,Thread 38
953297213282832389,Thread 38
953297218060025856,Thread 38
953297216864694272,Thread 38
953297215363141632,Thread 38
953297218999644160,Thread 38
953297220077486080,Thread 38
953297221117710336,Thread 38
953297222069780486,Thread 38
953297226603909121,Thread 38
953297227887325191,Thread 38
953361571375386624,Thread 38
976988852995919873,Thread 39
976989015923621890,Thread 39
976989110501040129,Thread 39
976989295058870272,Thread 39
976989464525406208,Thread 39
976989737692155904,Thread 39
976989975727280129,Thread 39
976990116223815680,Thread 39
976990208003596288,Thread 39
976990342456147968,Thread 39
976990456880955393,Thread 39
976990530394644480,Thread 39
976990674389274624,Thread 39
976990875275464705,Thread 39
976991039985799169,Thread 39
976991219334176773,Thread 39
976991308383510528,Thread 39
984268938568544256,Thread 40
984268939570982912,Thread 40
984268942536421376,Thread 40
984268943391993856,Thread 40
984268944537088000,Thread 40
984268947464728577,Thread 40
984268946575572993,Thread 40
984268945656954880,Thread 40
984268948324548609,Thread 40
984268949138255872,Thread 40
984268950954364929,Thread 40
984268950136537088,Thread 40
984268952556597248,Thread 40
984268951726075905,Thread 40
984268957044555777,Thread 40
984268956121743361,Thread 40
984268955224174593,Thread 40
984268953521242112,Thread 40
984268954330775554,Thread 40
956120155586793472,Thread 41
956120157176332288,Thread 41
956120159533617152,Thread 41
956120161106325504,Thread 41
956120165292347392,Thread 41
956120163828535297,Thread 41
956120169281146881,Thread 41
956120167863521280,Thread 41
956120171307036672,Thread 41
956120173077024769,Thread 41
956120176281440256,Thread 41
956120182006665216,Thread 41
956120178277912577,Thread 41
956120180538605568,Thread 41
956120185982869504,Thread 41
956120184225484800,Thread 41
956120188059078657,Thread 41
929388000433160192,Thread 42
929388980793090049,Thread 42
929390490356559872,Thread 42
929392496878030854,Thread 42
929397866732253184,Thread 42
929399014163755009,Thread 42
929400131299840000,Thread 42
929406802294325248,Thread 42
929407453367648257,Thread 42
929407797388656640,Thread 42
929408855447977984,Thread 42
929411158242500608,Thread 42
929412698110025728,Thread 42
929413304631431170,Thread 42
929416011228487680,Thread 42
929417294874152961,Thread 42
929423914521935872,Thread 42
989582551021903872,Thread 43
989582792974450688,Thread 43
989582986625536000,Thread 43
989583159434952704,Thread 43
989583454181326848,Thread 43
989583719395553282,Thread 43
989583937755213824,Thread 43
989584165141078017,Thread 43
989584361660952576,Thread 43
989584558545752064,Thread 43
989584780319600640,Thread 43
989584964831227904,Thread 43
989585190564511744,Thread 43
989585389043118080,Thread 43
989585636154724353,Thread 43
989585835606462464,Thread 43
989586043526565888,Thread 43
987080585561731072,Thread 44
987080591198900224,Thread 44
987080595023986688,Thread 44
987080597117046786,Thread 44
987080599801356288,Thread 44
987080606688440321,Thread 44
989868535982764037,Thread 44
989868538654609408,Thread 44
989868541515063308,Thread 44
989868545688391681,Thread 44
989868548427313153,Thread 44
989868553041072129,Thread 44
989868562679521280,Thread 44
989868559470907392,Thread 44
989868565221212160,Thread 44
989868574775889931,Thread 44
989868572167102465,Thread 44
989868579263741953,Thread 44
957207344600948736,Thread 45
957211074947817472,Thread 45
957215743510069248,Thread 45
957219423550517248,Thread 45
957220837207130117,Thread 45
957263814507995136,Thread 45
957298227325235200,Thread 45
957303411283714048,Thread 45
957315290294927360,Thread 45
957321687908859905,Thread 45
957324593009590272,Thread 45
957330556206764032,Thread 45
957420992598441984,Thread 45
957424004398133249,Thread 45
957427049097977856,Thread 45
957430975692075008,Thread 45
977281204432105472,Thread 46
977283519515955201,Thread 46
977287257240596480,Thread 46
977288188275429377,Thread 46
977291495697825792,Thread 46
977294095596097536,Thread 46
977300844814241793,Thread 46
977302964158238721,Thread 46
977304134423580679,Thread 46
977307153223561217,Thread 46
977310095343222784,Thread 46
977314251273621509,Thread 46
977319232508694528,Thread 46
977320939485614085,Thread 46
977323164995936258,Thread 46
977327134506074112,Thread 46
977327673222479872,Thread 46
972374631716933632,Thread 47
972374648053788672,Thread 47
972374652814323712,Thread 47
972374654408101890,Thread 47
972374656064815104,Thread 47
972374678558924801,Thread 47
972374700444868608,Thread 47
972374704223858688,Thread 47
972374706954424320,Thread 47
972374709504536577,Thread 47
972374712117551104,Thread 47
972374716236357633,Thread 47
972374717758832640,Thread 47
972374721022095360,Thread 47
972374719377936384,Thread 47
972374723706449920,Thread 47
972374726239817728,Thread 47
972374728815075328,Thread 47
970442051966980098,Thread 48
970442203536470016,Thread 48
970445346282274816,Thread 48
970446416165392384,Thread 48
970456841598709760,Thread 48
970458247005179904,Thread 48
970460132927770624,Thread 48
970460904369410048,Thread 48
970461956586004480,Thread 48
970463328635105281,Thread 48
970463770416959489,Thread 48
970464505909207040,Thread 48
970467192058908672,Thread 48
970468275946770437,Thread 48
970477867032334341,Thread 48
970500041189314561,Thread 48
970516025283358720,Thread 48
970516865276575744,Thread 48
970519280344289280,Thread 48
970521549735424001,Thread 48
969310404064305153,Thread 49
969310725377282048,Thread 49
969311273258225664,Thread 49
969311541693644807,Thread 49
969638551980793856,Thread 49
969640391770361858,Thread 49
969641091464089601,Thread 49
970127854687137792,Thread 49
970128693405343745,Thread 49
970129087346958336,Thread 49
970129665267519489,Thread 49
970130162334470144,Thread 49
970131194221297664,Thread 49
970132339975172096,Thread 49
970473492075466752,Thread 49
971499450865733632,Thread 49
943350106153156610,Thread 50
943350956196089857,Thread 50
943351817475379200,Thread 50
943352395677011968,Thread 50
943353694984310786,Thread 50
943354577482670080,Thread 50
943355398073012224,Thread 50
943356520275857408,Thread 50
943357535507173376,Thread 50
943358706468773889,Thread 50
943364597096083456,Thread 50
943376277938913280,Thread 50
943385872312942592,Thread 50
943443577639600129,Thread 50
943443868707536896,Thread 50
944002192234524674,Thread 50
957899558196887553,Thread 50
968573414951628805,Thread 50
985987058366738432,Thread 50
978211135005577217,Thread 51
978211140550516736,Thread 51
978211144665108480,Thread 51
978211142458847237,Thread 51
978211146934247424,Thread 51
978211149178163200,Thread 51
978211151195656192,Thread 51
978211153334755328,Thread 51
978211155712925696,Thread 51
978211157495382016,Thread 51
978211160376991744,Thread 51
978211162390134784,Thread 51
978211164168638464,Thread 51
978211166953660418,Thread 51
978211168832585728,Thread 51
978211171105943552,Thread 51
978211173266022401,Thread 51
978211176826986496,Thread 51
978211175124135937,Thread 51
966394628835631105,Thread 52
966394630643253248,Thread 52
966394638109216768,Thread 52
966394640558587905,Thread 52
966394642483896321,Thread 52
966394644828389381,Thread 52
966394649563881472,Thread 52
966394647475040257,Thread 52
966394654257229826,Thread 52
966394651719725056,Thread 52
966394656685772800,Thread 52
966394662738067458,Thread 52
966394661035225088,Thread 52
966394658573160449,Thread 52
966394664722075650,Thread 52
966394670568955904,Thread 52
966394667154788352,Thread 52
979179691448795136,Thread 53
979179874798546944,Thread 53
979180228776902656,Thread 53
979180329888960512,Thread 53
979180537020469249,Thread 53
979180641680945152,Thread 53
979180851022843904,Thread 53
979181007487123456,Thread 53
979181138978643969,Thread 53
979181394189475841,Thread 53
979181660385062913,Thread 53
979181889960341504,Thread 53
979182101139308544,Thread 53
979182307176202240,Thread 53
979182412478365697,Thread 53
979182679349325824,Thread 53
979182937965977602,Thread 53
979167463441969153,Thread 54
979167733362262016,Thread 54
979168191938052096,Thread 54
979168427226021888,Thread 54
979168793615245312,Thread 54
979168975404675072,Thread 54
979169346114043905,Thread 54
979169813149790208,Thread 54
979169945643769857,Thread 54
979170319482040320,Thread 54
979170636806287360,Thread 54
979170877295112192,Thread 54
979171562057166848,Thread 54
979171821676150784,Thread 54
979172107065032704,Thread 54
979172211301888000,Thread 54
979184876782944256,Thread 54
978824267314774016,Thread 55
978824265830096896,Thread 55
978824268342439938,Thread 55
978824269567111168,Thread 55
978824272066916352,Thread 55
978824270783553536,Thread 55
978824276861005825,Thread 55
978824275552485376,Thread 55
978824274260631552,Thread 55
978824273140723712,Thread 55
978824279960637440,Thread 55
978824277813215234,Thread 55
978824278731706368,Thread 55
978824280971526144,Thread 55
978824283081261056,Thread 55
978824283991322624,Thread 55
979154174775619584,Thread 56
979154262986018816,Thread 56
979154356879659008,Thread 56
979154403948224512,Thread 56
979154507505504256,Thread 56
979154565323984897,Thread 56
979154762053619713,Thread 56
979154909386956801,Thread 56
979155052500848640,Thread 56
979155233954783232,Thread 56
979155398669295617,Thread 56
979155574758760449,Thread 56
979155748289695749,Thread 56
979156041752555521,Thread 56
979156269108998144,Thread 56
979156578183020544,Thread 56
979156696705720320,Thread 56
979156754343845889,Thread 56
979157594546888704,Thread 57
979157599592615936,Thread 57
979157606311911425,Thread 57
979157612167139328,Thread 57
979157618366271488,Thread 57
979157662234443777,Thread 57
979157669809459201,Thread 57
979157674565799936,Thread 57
979157679754088448,Thread 57
979157684611178496,Thread 57
979157689719812096,Thread 57
979157695809900544,Thread 57
979157700624953344,Thread 57
979157706283024384,Thread 57
979157711630880768,Thread 57
979157716705964033,Thread 57
969324622436077571,Thread 58
969324624889729025,Thread 58
969324628568084481,Thread 58
969324633001426944,Thread 58
969324637602623490,Thread 58
969324640660312064,Thread 58
969324644212903942,Thread 58
969324646695866369,Thread 58
969324654178521089,Thread 58
969324658066710530,Thread 58
969324665054351360,Thread 58
969324668648853505,Thread 58
969324671660429313,Thread 58
969324676710354944,Thread 58
969324681982509056,Thread 58
969324686676021248,Thread 58
985943809996472320,Thread 59
985947083910799360,Thread 59
985949647465168896,Thread 59
985951335072739328,Thread 59
985953288859234304,Thread 59
985953997897875456,Thread 59
985957084091969536,Thread 59
985957942737354752,Thread 59
985961444268109824,Thread 59
985961956338102272,Thread 59
985964405555740672,Thread 59
985966202399834112,Thread 59
985967657433223168,Thread 59
985968218727591936,Thread 59
985972796286103553,Thread 59
985974022625095682,Thread 59
979081773006106625,Thread 60
979081786327265281,Thread 60
979081782871183361,Thread 60
979081788709654528,Thread 60
979081791498747904,Thread 60
979081794006999040,Thread 60
979081797408567296,Thread 60
979081800579510273,Thread 60
979081806317223939,Thread 60
979081803767189504,Thread 60
979081811430203398,Thread 60
979081809240756224,Thread 60
979081813938274304,Thread 60
979081819801968640,Thread 60
979081817276985345,Thread 60
979081823606198277,Thread 60
979081826361802754,Thread 60
979081830749147139,Thread 60
979081828568092672,Thread 60
979043790814982145,Thread 61
979044700345675781,Thread 61
979046084927373312,Thread 61
979047197596463104,Thread 61
979048355337613312,Thread 61
979049028083056640,Thread 61
979049522239217666,Thread 61
979051868893601792,Thread 61
979052995370299392,Thread 61
979053545025560576,Thread 61
979054033787736064,Thread 61
979060195790749696,Thread 61
979061165102743552,Thread 61
979062342947229697,Thread 61
979062485247434752,Thread 61
979069271090257921,Thread 61
979044175474765826,Thread 62
979045756748394497,Thread 62
979046627867578368,Thread 62
979053992444682245,Thread 62
979103766237638656,Thread 62
979106674475765760,Thread 62
979112228841340928,Thread 62
979114748292804610,Thread 62
979116580889092096,Thread 62
979122092628172800,Thread 62
979122378922971137,Thread 62
979126244120899584,Thread 62
979127027075870720,Thread 62
979128954840911872,Thread 62
979130743719784449,Thread 62
979130885218951168,Thread 62
979097233277771778,Thread 63
979097684643581953,Thread 63
979098304402395136,Thread 63
979098595570995200,Thread 63
979099224179658759,Thread 63
979099601146925056,Thread 63
979100047764795392,Thread 63
979100410878230528,Thread 63
979100918904958979,Thread 63
979101260065464325,Thread 63
979101673904799745,Thread 63
979102192668995584,Thread 63
979102565563551744,Thread 63
979103059430313985,Thread 63
979103754652962818,Thread 63
979105515774017536,Thread 63
979108744775847937,Thread 63
983383528921542659,Thread 64
983385585506136064,Thread 64
983386616218701824,Thread 64
983387087637565440,Thread 64
983387784001056768,Thread 64
983388194501808129,Thread 64
983388569682284545,Thread 64
983389461122830336,Thread 64
983389945673940994,Thread 64
983390943738060800,Thread 64
983391523860512768,Thread 64
983391893768765440,Thread 64
983392238494535680,Thread 64
983393964643504128,Thread 64
983394486968639488,Thread 64
983395117502525440,Thread 64
983395696836521984,Thread 64
983397431038574592,Thread 64
973769227739025408,Thread 65
973769229404164096,Thread 65
973769233141321728,Thread 65
973769231199363073,Thread 65
973769237411049473,Thread 65
973769234978353154,Thread 65
973769242914025476,Thread 65
973769241055977472,Thread 65
973769239302635520,Thread 65
973769246613393409,Thread 65
973769244876951552,Thread 65
973769589623488512,Thread 65
973770111994777601,Thread 65
973770546474377216,Thread 65
973771373138120705,Thread 65
973771375323336704,Thread 65
973774326041280512,Thread 65
979007061424996352,Thread 66
979007296054415362,Thread 66
979007522727186437,Thread 66
979007669112655872,Thread 66
979007876952928257,Thread 66
979008101629284352,Thread 66
979008266473824256,Thread 66
979008471357100038,Thread 66
979008684767567872,Thread 66
979008867848699904,Thread 66
979009102264365056,Thread 66
979009420360380416,Thread 66
979009713185619971,Thread 66
979009875614289921,Thread 66
979010583763746817,Thread 66
979010760755073025,Thread 66
979010946134880256,Thread 66
979011210124414976,Thread 66
979012439198130182,Thread 66
971362384710430720,Thread 67
971362511319633920,Thread 67
971362730006470656,Thread 67
971363011507171328,Thread 67
971363254491582464,Thread 67
971363446469120002,Thread 67
971363694973280257,Thread 67
971364015258599429,Thread 67
971364283509559296,Thread 67
971364435544690688,Thread 67
971364638574235648,Thread 67
971364846519414785,Thread 67
971365010168598528,Thread 67
971365177005309957,Thread 67
971365378378133504,Thread 67
971365651792220161,Thread 67
971753209915166720,Thread 67
946240941102419969,Thread 68
946240939986743297,Thread 68
946240942259998720,Thread 68
946240943568629760,Thread 68
946240946894704641,Thread 68
946240947939151872,Thread 68
946240944881520640,Thread 68
946240946072678400,Thread 68
946240950887763968,Thread 68
946240948870270978,Thread 68
946240949834874880,Thread 68
946240951969767424,Thread 68
946240953261740032,Thread 68
946240957581840385,Thread 68
946240959599337473,Thread 68
946240960870182912,Thread 68
946240962036142080,Thread 68
992493236290818053,Thread 69
992493238991966209,Thread 69
992493240954904577,Thread 69
992493244293541888,Thread 69
992493242733211649,Thread 69
992493246009004032,Thread 69
992493247640588288,Thread 69
992493249381138432,Thread 69
992493251067342848,Thread 69
992493252765978624,Thread 69
992493256847101953,Thread 69
992493254695321600,Thread 69
992493260634578944,Thread 69
992493258956857347,Thread 69
992493264577220608,Thread 69
992493262572310528,Thread 69
958456837409517569,Thread 70
958457386708230144,Thread 70
958457730724974593,Thread 70
958458195906912256,Thread 70
958459060478709761,Thread 70
958459598729547776,Thread 70
958460401414496256,Thread 70
958460943326904326,Thread 70
958461773140684801,Thread 70
958462269934981122,Thread 70
958462927631208448,Thread 70
958463976987295746,Thread 70
958465062993383424,Thread 70
958466699359113216,Thread 70
958467287119466496,Thread 70
958467728922370049,Thread 70
958468447977066498,Thread 70
958468803758886915,Thread 70
958323169210851328,Thread 71
958323450401214464,Thread 71
958323923875135489,Thread 71
958324218504065024,Thread 71
958324466991411200,Thread 71
958324616866476032,Thread 71
958324805056462848,Thread 71
958325289322450945,Thread 71
958325663580278785,Thread 71
958326088500903936,Thread 71
958326465724145664,Thread 71
958326678576619520,Thread 71
958327249958301697,Thread 71
958327426882338816,Thread 71
958327636190810113,Thread 71
958328016941322241,Thread 71
958166230065655808,Thread 72
958166228392120320,Thread 72
958166229113503744,Thread 72
958166234176151553,Thread 72
958166233257594880,Thread 72
958166232154431490,Thread 72
958166231118434304,Thread 72
958166235065323520,Thread 72
958166235988086784,Thread 72
958166238009679872,Thread 72
958166238848540672,Thread 72
958166236852097026,Thread 72
958166239712612352,Thread 72
958166240601796608,Thread 72
958168290609782784,Thread 72
958174719991275525,Thread 72
958038848386273280,Thread 73
958039565843001350,Thread 73
958039989689954304,Thread 73
958040386408210432,Thread 73
958041019316162565,Thread 73
958041537509756935,Thread 73
958041878347309056,Thread 73
958042231931326465,Thread 73
958042693799735296,Thread 73
958043100924071938,Thread 73
958043382600880129,Thread 73
958043785669238784,Thread 73
958044191183069186,Thread 73
958044554682347520,Thread 73
958044921809776640,Thread 73
958045315956920322,Thread 73
958045754454573056,Thread 73
958046179442528258,Thread 73
958046606435209224,Thread 73
958047085697302528,Thread 73
958110110768881665,Thread 74
958113571359076353,Thread 74
958114841914413057,Thread 74
958117133237587968,Thread 74
958117682078998528,Thread 74
958118411241967617,Thread 74
958119734737858560,Thread 74
958120363791089672,Thread 74
958121769990344704,Thread 74
958122150728228864,Thread 74
958122354508431360,Thread 74
958123456691888133,Thread 74
958124445708836869,Thread 74
958125202982035456,Thread 74
958156423086727168,Thread 74
958156831871983616,Thread 74
958157320487342080,Thread 74
958807651932090368,Thread 74
959505629953036289,Thread 74
958047997790687232,Thread 75
958048290309902336,Thread 75
958048518396104704,Thread 75
958048841844117504,Thread 75
958049400886038528,Thread 75
958049748396765184,Thread 75
958050090354139137,Thread 75
958050578369740800,Thread 75
958051552492744704,Thread 75
958052053372293120,Thread 75
958052579799429120,Thread 75
958053273700851718,Thread 75
958054374051405825,Thread 75
958055469188251649,Thread 75
958055761896263682,Thread 75
958057699647918080,Thread 75
958157819840114688,Thread 76
958158105052823552,Thread 76
958158456644448256,Thread 76
958158742264061952,Thread 76
958159023328514048,Thread 76
958159392255352832,Thread 76
958160720247455744,Thread 76
958161207189372928,Thread 76
958161391659114497,Thread 76
958161616859578368,Thread 76
958161869599993857,Thread 76
958162384744464384,Thread 76
958163179175010304,Thread 76
958163665575792640,Thread 76
958164081864617984,Thread 76
958164333749415936,Thread 76
958164761996218368,Thread 76
958165272417902592,Thread 76
957862066555011072,Thread 77
957862991763881984,Thread 77
957863645601456129,Thread 77
957864098946990080,Thread 77
957865149288689664,Thread 77
957866174829625344,Thread 77
957867420357558273,Thread 77
957867901821665280,Thread 77
957869196905390080,Thread 77
957869752403177473,Thread 77
957870159259041792,Thread 77
957871683150397440,Thread 77
957872263323271168,Thread 77
957873377036791808,Thread 77
957874578918752256,Thread 77
957874960726245376,Thread 77
957875758160011264,Thread 77
957876725110591488,Thread 77
957877190699270144,Thread 77
957436790058684416,Thread 78
957437150869446656,Thread 78
957437445665992705,Thread 78
957437921539141632,Thread 78
957438186241736704,Thread 78
957438469265014784,Thread 78
957438995461373952,Thread 78
957439287963746305,Thread 78
957439978300035072,Thread 78
957440336766234625,Thread 78
957440615012159493,Thread 78
957441101392039937,Thread 78
957441696421179393,Thread 78
957442108821876737,Thread 78
957442418047008768,Thread 78
957442716115218432,Thread 78
994259054963896320,Thread 79
994259053831442432,Thread 79
994259057123962880,Thread 79
994259060429082630,Thread 79
994259063943901190,Thread 79
994259062270373890,Thread 79
994259066305368064,Thread 79
994259068482179072,Thread 79
994259076417818624,Thread 79
994259078141693952,Thread 79
994259080054300673,Thread 79
994259085271949312,Thread 79
994259087889137664,Thread 79
994259090057695232,Thread 79
994259092389662720,Thread 79
994259095061491712,Thread 79
994259093882798080,Thread 79
994581474769821698,Thread 79
994581476510502912,Thread 79
994581478016241664,Thread 79
957641061672869888,Thread 80
957641351419564032,Thread 80
957641941843369985,Thread 80
957642608444084225,Thread 80
957643021453070336,Thread 80
957643512329265153,Thread 80
957644509629829120,Thread 80
957644627204608001,Thread 80
957645294510002176,Thread 80
957645635540447232,Thread 80
957647421869383680,Thread 80
957649745832443904,Thread 80
957814728159584257,Thread 80
957815160198123520,Thread 80
957815468177444865,Thread 80
957816130047004675,Thread 80
957817152366612481,Thread 80
960142833129787394,Thread 81
960143276975194112,Thread 81
960146274187083778,Thread 81
960148342708817921,Thread 81
960154832861614080,Thread 81
960156798295728128,Thread 81
960557902561005568,Thread 81
960561536170422278,Thread 81
960563379575443457,Thread 81
960710570881306624,Thread 81
960710877333901312,Thread 81
960722082245038080,Thread 81
960722546881638400,Thread 81
960879962902450176,Thread 81
960939253718020098,Thread 81
961021338012942336,Thread 81
961274407359537152,Thread 81
962039587836108800,Thread 81
962113029843374081,Thread 81
962159410884874240,Thread 81
960902808269676546,Thread 82
960902928390348801,Thread 82
960903039648436224,Thread 82
960903519833411584,Thread 82
960903658178334722,Thread 82
960904025066688513,Thread 82
960904428143464448,Thread 82
960904582586159104,Thread 82
960905469220048896,Thread 82
960905664276127745,Thread 82
960906303886512128,Thread 82
960906426775408641,Thread 82
960906725137240064,Thread 82
960906898177478657,Thread 82
960907031560511491,Thread 82
960907288335790081,Thread 82
960907989543776256,Thread 82
960908631523897344,Thread 82
960909027327774720,Thread 82
960911896881885184,Thread 83
960912163736117250,Thread 83
960912690104426496,Thread 83
960913475114622976,Thread 83
960914850414301184,Thread 83
960915109962047488,Thread 83
960915522119487488,Thread 83
960916276775354370,Thread 83
960916862841315329,Thread 83
960917721570533376,Thread 83
960917959299432449,Thread 83
960918891626188800,Thread 83
960919133222260737,Thread 83
960919846220390401,Thread 83
960920495129616384,Thread 83
960923400427524096,Thread 83
960923399026544640,Thread 83
960924936692002816,Thread 83
960848831092011008,Thread 84
960849475546869761,Thread 84
960849757559287808,Thread 84
960850148694863872,Thread 84
960850580519440384,Thread 84
960850855577735170,Thread 84
960851189897351168,Thread 84
960852317095555073,Thread 84
960852955619643394,Thread 84
960854097959190530,Thread 84
960854513879076864,Thread 84
960854885964091392,Thread 84
960855848082903040,Thread 84
960858384143671296,Thread 84
960859470896168960,Thread 84
960860253767249920,Thread 84
960860564783288322,Thread 84
960860778621530113,Thread 84
960870141633363968,Thread 85
960870142791036928,Thread 85
960870145114722307,Thread 85
960870151146139648,Thread 85
960870149837422593,Thread 85
960870148117794816,Thread 85
960870154056978432,Thread 85
960870160172310530,Thread 85
960870164429524992,Thread 85
960870163116675072,Thread 85
960870168296599552,Thread 85
960870165708754944,Thread 85
960870167038320641,Thread 85
960870172570607616,Thread 85
960870170431508480,Thread 85
960870175196303362,Thread 85
960870176395808768,Thread 85
960870180355223552,Thread 85
960870177746358273,Thread 85
960721659115089920,Thread 86
960721660268617733,Thread 86
960721665096167424,Thread 86
960721663997362176,Thread 86
960721662713905152,Thread 86
960721661380124672,Thread 86
960721666312515584,Thread 86
960721668652941312,Thread 86
960721667604463616,Thread 86
960721672176156672,Thread 86
960721669995118592,Thread 86
960721671098216449,Thread 86
960721673346465798,Thread 86
960721677444251648,Thread 86
960721675951091712,Thread 86
960721674625720320,Thread 86
960723988073758721,Thread 86
964010680155164672,Thread 86
964100120219439104,Thread 87
964101878605901826,Thread 87
964102560121544704,Thread 87
964103144207736832,Thread 87
964104911335165952,Thread 87
964106711647772674,Thread 87
964107413623312385,Thread 87
964204842175508480,Thread 87
964205675713736704,Thread 87
964225981480398849,Thread 87
964235530673238018,Thread 87
964270917005316096,Thread 87
964272599231496197,Thread 87
964277178291642369,Thread 87
964281580712792070,Thread 87
964288449963544577,Thread 87
964293058538950657,Thread 87
964340445215117313,Thread 87
961696447656640512,Thread 88
961696791832936448,Thread 88
961698120731017216,Thread 88
961698977430171648,Thread 88
961701321177886720,Thread 88
961701791241928704,Thread 88
961702780028174336,Thread 88
961703744059490304,Thread 88
961704319631335424,Thread 88
961705267019657216,Thread 88
961706182774743040,Thread 88
961708171042553856,Thread 88
961709353400123392,Thread 88
961710744222842880,Thread 88
961710974431473664,Thread 88
961714247100084224,Thread 88
961715808123551744,Thread 88
963450420562718720,Thread 89
963451370698354689,Thread 89
963452648837009410,Thread 89
963453070301687809,Thread 89
963458766678183942,Thread 89
963459305025531906,Thread 89
963459580788436992,Thread 89
963459846078189568,Thread 89
963459931901972480,Thread 89
963460274035576835,Thread 89
963460483230699522,Thread 89
963460676600696832,Thread 89
963461307495219203,Thread 89
963461648303513602,Thread 89
963461895872270336,Thread 89
963480992039292928,Thread 89
963172167516086272,Thread 90
963172169550360576,Thread 90
963172173845270528,Thread 90
963172171588698112,Thread 90
963172175745347586,Thread 90
963172177846644739,Thread 90
963172182867238914,Thread 90
963172180124192768,Thread 90
963172185039949829,Thread 90
963172186918981633,Thread 90
963172189712404481,Thread 90
963172191872454656,Thread 90
963172194086981633,Thread 90
963172196012167171,Thread 90
963172198109229056,Thread 90
963172199812288512,Thread 90
963172203784175617,Thread 90
963172201666109440,Thread 90
963415246382813185,Thread 90
963217232485433344,Thread 91
963217231000694785,Thread 91
963217236612673536,Thread 91
963217238164557825,Thread 91
963217234523901952,Thread 91
963217239540359168,Thread 91
963217241138388992,Thread 91
963217242677657600,Thread 91
963217245609459712,Thread 91
963217244044972032,Thread 91
963217250458025984,Thread 91
963217248797171712,Thread 91
963217247304007680,Thread 91
963217253490597888,Thread 91
963217251984789506,Thread 91
963217255059238913,Thread 91
961760315858980864,Thread 92
961761787279486976,Thread 92
961762929694707712,Thread 92
961762934119653376,Thread 92
961763764281446401,Thread 92
961764189109915648,Thread 92
961764746964946944,Thread 92
961768651270639616,Thread 92
961769755005865985,Thread 92
961770560706547714,Thread 92
961771235381272577,Thread 92
961772173420584961,Thread 92
961773055319117825,Thread 92
961773061199548416,Thread 92
961773685257404418,Thread 92
961774273277898757,Thread 92
961775204790886400,Thread 92
961775864286515200,Thread 92
961776440780959744,Thread 92
961776919174934529,Thread 92
966077144135880704,Thread 93
966077797407117314,Thread 93
966077965464428546,Thread 93
966078130380296194,Thread 93
966078754736037888,Thread 93
966078971363328000,Thread 93
966079304466681858,Thread 93
966079451116310529,Thread 93
966079630603096064,Thread 93
966080115976409088,Thread 93
966080353457799175,Thread 93
966080528549138435,Thread 93
966080666894000128,Thread 93
966080825270964224,Thread 93
966080977838669831,Thread 93
966081136937127947,Thread 93
966081294840074240,Thread 93
966081500855889920,Thread 93
966050292537090048,Thread 94
966050483243704320,Thread 94
966050714320494592,Thread 94
966050869513895937,Thread 94
966051139132141568,Thread 94
966052006925279232,Thread 94
966052416708796416,Thread 94
966052895689879552,Thread 94
966053154323181568,Thread 94
966053464743723013,Thread 94
966054439319568384,Thread 94
966054734997069824,Thread 94
966055094629236736,Thread 94
966059009068314626,Thread 94
966059692567937024,Thread 94
966059946990215168,Thread 94
966061629518503936,Thread 94
997733917925896192,Thread 95
997738178223128578,Thread 95
997741584740270080,Thread 95
997746218796138496,Thread 95
997760892971442178,Thread 95
997770156091805696,Thread 95
997774405773266944,Thread 95
997780903974850560,Thread 95
997782512209420290,Thread 95
997788961480347648,Thread 95
997793230161883138,Thread 95
997794540890284034,Thread 95
997795923261607937,Thread 95
997804219968172032,Thread 95
997811410712367105,Thread 95
997812453495930880,Thread 95
997824506730344448,Thread 95
997847779815886849,Thread 95
997878719913054208,Thread 95
997912373154414593,Thread 95
965970429990047744,Thread 96
965972698252894208,Thread 96
965981910450294784,Thread 96
965985383308779521,Thread 96
965989547837452288,Thread 96
965991479129837569,Thread 96
965996272808230912,Thread 96
965999259911905280,Thread 96
966048043526221825,Thread 96
966064276858441728,Thread 96
966090034301558786,Thread 96
966101208619470848,Thread 96
966103243792306176,Thread 96
966110516308570112,Thread 96
966136124967137281,Thread 96
966144016382341121,Thread 96
994070193319145472,Thread 96
964034409052585984,Thread 97
964034956182736896,Thread 97
964035770150367232,Thread 97
964035915529138176,Thread 97
964036486210310144,Thread 97
964037022305275905,Thread 97
964037339247886336,Thread 97
964037558500868097,Thread 97
964037944951492608,Thread 97
964039171772837888,Thread 97
964039603068915712,Thread 97
964040077910327296,Thread 97
964040924018892800,Thread 97
964041042084298754,Thread 97
964042641531838464,Thread 97
964043681572446208,Thread 97
964044158557085696,Thread 97
964046172015898625,Thread 97
964046566184009728,Thread 97
965761059910045697,Thread 98
965761065630994432,Thread 98
965761064263700482,Thread 98
965761068617388033,Thread 98
965761067375833088,Thread 98
965761074627739648,Thread 98
965761073327628288,Thread 98
965761075831590913,Thread 98
965761076959772675,Thread 98
965761080562765826,Thread 98
965761084106969090,Thread 98
965761086581563393,Thread 98
965761085381992449,Thread 98
965761089706315778,Thread 98
965761088305483776,Thread 98
965969543108747264,Thread 98
981174197442502657,Thread 98
999150018404679680,Thread 99
999150022003437568,Thread 99
999150026055213056,Thread 99
999150029968375808,Thread 99
999150033386790912,Thread 99
999150037476265984,Thread 99
999150041662197761,Thread 99
999150044233326592,Thread 99
999150048834473984,Thread 99
999150054236721153,Thread 99
999150060737892352,Thread 99
999150064919568384,Thread 99
999150070519029761,Thread 99
999150074537144320,Thread 99
999150079670915072,Thread 99
999150087279431680,Thread 99
999150091079471104,Thread 99
999389983470387205,Thread 99
999884342749937672,Thread 99
